id,name,body_count,followers,following,late_talks_hours,best_friends_count,boyfriend_count,late_night_out,category
1,Person_1,0,78,39,1,1,0,no,normal
2,Person_2,8,2879,199,18,3,8,yes,chinaaarr
3,Person_3,6,408,173,8,3,6,yes,randi
4,Person_4,14,2672,192,16,2,8,yes,chinaaarr
5,Person_5,0,94,50,2,0,0,no,normal
6,Person_6,8,2390,200,18,2,7,yes,chinaaarr
7,Person_7,5,301,157,8,4,4,yes,randi
8,Person_8,10,2860,188,18,2,9,yes,chinaaarr
9,Person_9,0,77,48,2,1,0,no,normal
10,Person_10,11,1308,181,18,2,10,yes,chinaaarr
11,Person_11,5,351,160,7,4,6,yes,randi
12,Person_12,10,2290,196,15,3,9,yes,chinaaarr
13,Person_13,0,83,47,2,0,0,no,normal
14,Person_14,11,2961,184,14,2,8,yes,chinaaarr
15,Person_15,6,330,162,7,3,3,yes,randi
16,Person_16,12,2049,190,16,3,11,yes,chinaaarr
17,Person_17,0,84,42,1,1,0,no,normal
18,Person_18,13,1539,199,15,3,9,yes,chinaaarr
19,Person_19,7,359,172,8,3,4,yes,randi
20,Person_20,8,2486,192,17,2,10,yes,chinaaarr
21,Person_21,0,84,37,1,0,0,no,normal
22,Person_22,10,1594,200,17,2,13,yes,chinaaarr
23,Person_23,5,399,171,7,3,4,yes,randi
24,Person_24,14,2468,193,15,2,9,yes,chinaaarr
25,Person_25,0,77,48,2,0,0,no,normal
26,Person_26,12,1465,181,16,3,8,yes,chinaaarr
27,Person_27,6,401,163,7,5,6,yes,randi
28,Person_28,13,1703,197,18,3,11,yes,chinaaarr
29,Person_29,0,80,33,2,0,0,no,normal
30,Person_30,8,2915,187,13,2,10,yes,chinaaarr
31,Person_31,7,343,150,9,3,3,yes,randi
32,Person_32,11,1917,193,15,2,8,yes,chinaaarr
33,Person_33,0,93,33,1,1,0,no,normal
34,Person_34,14,2621,184,15,3,8,yes,chinaaarr
35,Person_35,5,301,156,8,5,4,yes,randi
36,Person_36,13,1908,188,17,3,10,yes,chinaaarr
37,Person_37,0,82,50,2,0,0,no,normal
38,Person_38,10,1756,197,13,3,13,yes,chinaaarr
39,Person_39,6,310,160,9,5,6,yes,randi
40,Person_40,10,1827,197,16,3,7,yes,chinaaarr
41,Person_41,0,78,49,1,1,0,no,normal
42,Person_42,12,2794,184,16,3,12,yes,chinaaarr
43,Person_43,6,315,164,9,3,3,yes,randi
44,Person_44,11,1446,194,17,3,7,yes,chinaaarr
45,Person_45,0,88,39,1,1,0,no,normal
46,Person_46,12,2454,185,15,3,9,yes,chinaaarr
47,Person_47,5,349,155,7,5,5,yes,randi
48,Person_48,10,1449,190,15,2,7,yes,chinaaarr
49,Person_49,0,78,40,3,0,0,no,normal
50,Person_50,9,2239,189,13,3,13,yes,chinaaarr
51,Person_51,6,332,166,8,3,6,yes,randi
52,Person_52,12,2148,196,17,3,10,yes,chinaaarr
53,Person_53,0,95,45,1,0,0,no,normal
54,Person_54,11,1625,196,17,3,13,yes,chinaaarr
55,Person_55,7,333,165,8,5,5,yes,randi
56,Person_56,8,2771,194,18,2,8,yes,chinaaarr
57,Person_57,0,88,42,1,0,0,no,normal
58,Person_58,13,2384,191,19,3,10,yes,chinaaarr
59,Person_59,7,304,152,7,3,3,yes,randi
60,Person_60,10,2727,198,14,3,11,yes,chinaaarr
61,Person_61,0,90,37,2,0,0,no,normal
62,Person_62,8,2559,182,19,2,12,yes,chinaaarr
63,Person_63,7,397,158,7,3,5,yes,randi
64,Person_64,9,1676,185,18,2,12,yes,chinaaarr
65,Person_65,0,93,33,2,0,0,no,normal
66,Person_66,14,1798,193,17,2,9,yes,chinaaarr
67,Person_67,6,310,161,9,4,6,yes,randi
68,Person_68,12,2877,186,15,2,12,yes,chinaaarr
69,Person_69,0,88,35,2,1,0,no,normal
70,Person_70,8,2880,200,14,2,11,yes,chinaaarr
71,Person_71,5,393,152,6,4,3,yes,randi
72,Person_72,11,2230,190,18,3,10,yes,chinaaarr
73,Person_73,0,87,47,2,1,0,no,normal
74,Person_74,10,2553,192,14,3,9,yes,chinaaarr
75,Person_75,5,346,153,9,4,5,yes,randi
76,Person_76,12,2695,192,16,2,9,yes,chinaaarr
77,Person_77,1,86,41,2,0,0,no,normal
78,Person_78,11,1678,196,18,3,9,yes,chinaaarr
79,Person_79,6,310,162,6,5,4,yes,randi
80,Person_80,9,1723,188,18,2,11,yes,chinaaarr
81,Person_81,0,87,32,1,0,0,no,normal
82,Person_82,13,2223,198,16,3,12,yes,chinaaarr
83,Person_83,7,361,155,9,3,3,yes,randi
84,Person_84,14,2506,189,18,2,11,yes,chinaaarr
85,Person_85,0,86,30,2,0,0,no,normal
86,Person_86,15,1374,193,18,2,7,yes,chinaaarr
87,Person_87,7,329,152,8,5,5,yes,randi
88,Person_88,8,2382,194,14,3,9,yes,chinaaarr
89,Person_89,0,92,44,3,0,0,no,normal
90,Person_90,10,2358,188,17,2,10,yes,chinaaarr
91,Person_91,7,373,169,8,4,4,yes,randi
92,Person_92,8,2362,187,17,3,9,yes,chinaaarr
93,Person_93,0,75,30,1,1,0,no,normal
94,Person_94,15,2830,193,18,3,7,yes,chinaaarr
95,Person_95,5,301,154,7,5,4,yes,randi
96,Person_96,8,2553,190,14,3,11,yes,chinaaarr
97,Person_97,0,90,38,1,0,0,no,normal
98,Person_98,10,1342,191,17,3,12,yes,chinaaarr
99,Person_99,7,331,153,9,3,3,yes,randi
100,Person_100,12,1641,188,16,2,11,yes,chinaaarr
101,Person_101,0,76,38,3,0,0,no,normal
102,Person_102,10,2365,187,15,3,11,yes,chinaaarr
103,Person_103,7,312,159,8,3,4,yes,randi
104,Person_104,8,1679,187,15,3,12,yes,chinaaarr
105,Person_105,0,94,36,3,0,0,no,normal
106,Person_106,14,1997,181,16,2,7,yes,chinaaarr
107,Person_107,7,317,175,8,5,6,yes,randi
108,Person_108,12,1457,194,17,3,8,yes,chinaaarr
109,Person_109,0,83,37,2,1,0,no,normal
110,Person_110,10,2274,183,14,3,12,yes,chinaaarr
111,Person_111,5,361,150,9,4,4,yes,randi
112,Person_112,11,2533,198,16,2,12,yes,chinaaarr
113,Person_113,1,77,36,3,1,0,no,normal
114,Person_114,10,2876,189,18,2,8,yes,chinaaarr
115,Person_115,6,362,164,9,4,5,yes,randi
116,Person_116,14,1531,192,15,2,7,yes,chinaaarr
117,Person_117,0,89,43,1,1,0,no,normal
118,Person_118,9,2441,188,19,2,7,yes,chinaaarr
119,Person_119,7,389,158,6,3,3,yes,randi
120,Person_120,12,2160,198,18,2,9,yes,chinaaarr
121,Person_121,0,86,38,3,1,0,no,normal
122,Person_122,9,2265,182,17,2,13,yes,chinaaarr
123,Person_123,6,417,155,9,4,3,yes,randi
124,Person_124,10,2847,194,18,2,7,yes,chinaaarr
125,Person_125,0,89,40,3,0,0,no,normal
126,Person_126,15,1511,189,14,2,13,yes,chinaaarr
127,Person_127,6,361,166,6,5,5,yes,randi
128,Person_128,8,2267,185,14,2,11,yes,chinaaarr
129,Person_129,0,93,31,1,0,0,no,normal
130,Person_130,8,1615,199,17,2,12,yes,chinaaarr
131,Person_131,5,399,158,7,5,6,yes,randi
132,Person_132,14,2353,193,17,2,7,yes,chinaaarr
133,Person_133,0,87,42,2,1,0,no,normal
134,Person_134,15,2945,192,14,3,13,yes,chinaaarr
135,Person_135,5,388,166,8,4,5,yes,randi
136,Person_136,10,2639,197,15,2,9,yes,chinaaarr
137,Person_137,0,82,35,1,1,0,no,normal
138,Person_138,11,2774,180,15,2,13,yes,chinaaarr
139,Person_139,7,401,168,7,5,4,yes,randi
140,Person_140,14,2353,188,15,3,11,yes,chinaaarr
141,Person_141,0,82,41,2,0,0,no,normal
142,Person_142,11,1866,190,15,3,13,yes,chinaaarr
143,Person_143,7,336,162,7,5,5,yes,randi
144,Person_144,11,2232,195,16,2,7,yes,chinaaarr
145,Person_145,0,80,34,1,0,0,no,normal
146,Person_146,8,1837,193,19,3,9,yes,chinaaarr
147,Person_147,7,304,158,7,3,6,yes,randi
148,Person_148,13,1493,193,18,2,12,yes,chinaaarr
149,Person_149,0,87,38,3,0,0,no,normal
150,Person_150,10,1966,184,15,2,10,yes,chinaaarr
151,Person_151,6,345,162,6,3,6,yes,randi
152,Person_152,14,2714,198,17,3,8,yes,chinaaarr
153,Person_153,0,84,44,1,1,0,no,normal
154,Person_154,12,1524,200,15,3,7,yes,chinaaarr
155,Person_155,5,318,173,9,4,6,yes,randi
156,Person_156,12,2271,197,17,3,9,yes,chinaaarr
157,Person_157,0,89,38,3,0,0,no,normal
158,Person_158,14,1621,193,13,2,8,yes,chinaaarr
159,Person_159,6,358,161,6,4,6,yes,randi
160,Person_160,12,1407,198,14,2,8,yes,chinaaarr
161,Person_161,0,79,31,3,1,0,no,normal
162,Person_162,12,1542,190,15,2,9,yes,chinaaarr
163,Person_163,7,364,170,9,3,4,yes,randi
164,Person_164,8,1861,196,18,3,11,yes,chinaaarr
165,Person_165,1,82,46,3,1,0,no,normal
166,Person_166,15,2245,191,16,3,10,yes,chinaaarr
167,Person_167,7,385,158,6,4,5,yes,randi
168,Person_168,9,2362,197,18,2,7,yes,chinaaarr
169,Person_169,0,83,48,1,0,0,no,normal
170,Person_170,12,2619,186,16,2,8,yes,chinaaarr
171,Person_171,7,389,154,6,4,5,yes,randi
172,Person_172,8,2134,192,15,3,10,yes,chinaaarr
173,Person_173,0,92,30,3,0,0,no,normal
174,Person_174,13,1489,197,18,3,9,yes,chinaaarr
175,Person_175,7,407,172,8,3,6,yes,randi
176,Person_176,13,2455,193,14,2,9,yes,chinaaarr
177,Person_177,0,95,36,1,1,0,no,normal
178,Person_178,11,2811,189,13,3,10,yes,chinaaarr
179,Person_179,5,415,166,6,4,4,yes,randi
180,Person_180,10,2705,198,15,2,7,yes,chinaaarr
181,Person_181,0,79,49,1,1,0,no,normal
182,Person_182,9,2442,185,16,2,10,yes,chinaaarr
183,Person_183,5,419,166,7,3,5,yes,randi
184,Person_184,11,1616,197,18,2,10,yes,chinaaarr
185,Person_185,0,84,31,1,1,0,no,normal
186,Person_186,9,1648,180,15,2,13,yes,chinaaarr
187,Person_187,6,379,158,9,5,3,yes,randi
188,Person_188,8,2417,185,16,3,10,yes,chinaaarr
189,Person_189,1,94,31,2,1,0,no,normal
190,Person_190,9,1651,194,19,2,11,yes,chinaaarr
191,Person_191,5,395,164,6,4,6,yes,randi
192,Person_192,11,2010,187,16,2,12,yes,chinaaarr
193,Person_193,0,87,40,3,0,0,no,normal
194,Person_194,10,1667,182,16,3,9,yes,chinaaarr
195,Person_195,7,342,160,6,4,5,yes,randi
196,Person_196,10,2267,190,18,3,10,yes,chinaaarr
197,Person_197,0,87,43,3,0,0,no,normal
198,Person_198,8,1380,191,13,2,13,yes,chinaaarr
199,Person_199,5,384,162,8,3,5,yes,randi
200,Person_200,10,1893,197,18,2,12,yes,chinaaarr
201,Person_201,0,76,38,1,0,0,no,normal
202,Person_202,11,2458,192,19,2,8,yes,chinaaarr
203,Person_203,7,382,173,8,5,3,yes,randi
204,Person_204,10,1555,191,18,2,12,yes,chinaaarr
205,Person_205,0,77,32,3,1,0,no,normal
206,Person_206,13,2987,196,19,2,9,yes,chinaaarr
207,Person_207,6,331,157,9,3,6,yes,randi
208,Person_208,8,2046,195,17,2,12,yes,chinaaarr
209,Person_209,0,95,46,3,1,0,no,normal
210,Person_210,13,2537,189,13,2,13,yes,chinaaarr
211,Person_211,7,381,156,7,3,4,yes,randi
212,Person_212,12,1548,187,17,2,10,yes,chinaaarr
213,Person_213,0,79,42,2,1,0,no,normal
214,Person_214,8,1849,199,17,2,11,yes,chinaaarr
215,Person_215,7,309,154,8,5,6,yes,randi
216,Person_216,8,2360,185,15,3,7,yes,chinaaarr
217,Person_217,1,78,31,3,1,0,no,normal
218,Person_218,15,2640,184,13,3,8,yes,chinaaarr
219,Person_219,5,408,152,7,3,6,yes,randi
220,Person_220,14,2604,198,17,3,7,yes,chinaaarr
221,Person_221,0,86,33,2,1,0,no,normal
222,Person_222,12,1599,200,18,2,9,yes,chinaaarr
223,Person_223,6,363,152,7,5,6,yes,randi
224,Person_224,11,1564,191,14,3,8,yes,chinaaarr
225,Person_225,0,94,49,3,0,0,no,normal
226,Person_226,12,2217,184,15,3,9,yes,chinaaarr
227,Person_227,6,364,168,8,4,5,yes,randi
228,Person_228,9,2192,198,14,3,10,yes,chinaaarr
229,Person_229,0,92,31,3,0,0,no,normal
230,Person_230,13,2805,198,13,2,9,yes,chinaaarr
231,Person_231,5,342,152,6,5,4,yes,randi
232,Person_232,8,1758,189,18,2,9,yes,chinaaarr
233,Person_233,0,79,47,2,1,0,no,normal
234,Person_234,14,1778,193,17,2,12,yes,chinaaarr
235,Person_235,7,390,168,9,5,6,yes,randi
236,Person_236,14,1936,188,15,2,10,yes,chinaaarr
237,Person_237,0,84,50,2,0,0,no,normal
238,Person_238,8,1459,197,16,3,13,yes,chinaaarr
239,Person_239,7,402,170,8,5,6,yes,randi
240,Person_240,10,2550,196,17,2,9,yes,chinaaarr
241,Person_241,0,84,48,1,0,0,no,normal
242,Person_242,10,1417,184,17,2,12,yes,chinaaarr
243,Person_243,7,316,166,6,4,3,yes,randi
244,Person_244,10,1759,188,18,3,12,yes,chinaaarr
245,Person_245,0,76,49,3,1,0,no,normal
246,Person_246,14,2277,189,16,2,11,yes,chinaaarr
247,Person_247,5,401,171,9,4,4,yes,randi
248,Person_248,8,1642,191,18,2,10,yes,chinaaarr
249,Person_249,0,86,40,1,1,0,no,normal
250,Person_250,8,2742,198,15,3,7,yes,chinaaarr
251,Person_251,7,304,159,9,5,3,yes,randi
252,Person_252,11,2223,194,14,2,8,yes,chinaaarr
253,Person_253,0,92,45,1,1,0,no,normal
254,Person_254,9,2204,200,15,3,9,yes,chinaaarr
255,Person_255,6,383,162,9,3,3,yes,randi
256,Person_256,8,2701,197,16,2,11,yes,chinaaarr
257,Person_257,1,91,30,2,1,0,no,normal
258,Person_258,15,1318,194,13,2,7,yes,chinaaarr
259,Person_259,6,369,169,7,3,4,yes,randi
260,Person_260,8,1824,189,16,2,9,yes,chinaaarr
261,Person_261,0,83,37,2,0,0,no,normal
262,Person_262,11,1662,195,17,3,12,yes,chinaaarr
263,Person_263,5,353,159,7,5,5,yes,randi
264,Person_264,11,1842,186,14,3,9,yes,chinaaarr
265,Person_265,0,78,34,2,0,0,no,normal
266,Person_266,12,1365,186,14,2,8,yes,chinaaarr
267,Person_267,5,419,169,8,5,3,yes,randi
268,Person_268,9,2662,188,18,3,10,yes,chinaaarr
269,Person_269,0,93,47,1,0,0,no,normal
270,Person_270,12,2772,187,19,3,7,yes,chinaaarr
271,Person_271,6,392,153,8,3,5,yes,randi
272,Person_272,9,2768,190,18,3,11,yes,chinaaarr
273,Person_273,1,89,40,3,0,0,no,normal
274,Person_274,11,1400,180,16,2,10,yes,chinaaarr
275,Person_275,6,354,168,8,4,3,yes,randi
276,Person_276,12,2183,185,15,3,12,yes,chinaaarr
277,Person_277,0,91,43,2,0,0,no,normal
278,Person_278,10,1338,195,17,3,13,yes,chinaaarr
279,Person_279,5,377,155,9,5,6,yes,randi
280,Person_280,12,2483,187,14,3,8,yes,chinaaarr
281,Person_281,0,75,49,1,1,0,no,normal
282,Person_282,11,1863,188,13,2,9,yes,chinaaarr
283,Person_283,5,393,169,8,5,6,yes,randi
284,Person_284,14,2418,195,15,2,11,yes,chinaaarr
285,Person_285,1,76,43,2,0,0,no,normal
286,Person_286,8,2003,197,16,2,8,yes,chinaaarr
287,Person_287,6,305,175,6,4,3,yes,randi
288,Person_288,9,2248,193,16,3,11,yes,chinaaarr
289,Person_289,0,80,49,2,0,0,no,normal
290,Person_290,8,1654,196,15,3,9,yes,chinaaarr
291,Person_291,6,358,165,6,3,4,yes,randi
292,Person_292,10,2207,190,14,3,11,yes,chinaaarr
293,Person_293,0,75,50,2,1,0,no,normal
294,Person_294,10,2672,193,15,2,7,yes,chinaaarr
295,Person_295,7,342,163,9,4,4,yes,randi
296,Person_296,13,1953,193,15,3,12,yes,chinaaarr
297,Person_297,0,86,42,2,0,0,no,normal
298,Person_298,12,2486,180,17,3,12,yes,chinaaarr
299,Person_299,6,319,163,7,3,6,yes,randi
300,Person_300,8,1687,188,15,3,10,yes,chinaaarr
301,Person_301,0,78,35,1,0,0,no,normal
302,Person_302,9,2083,187,14,2,11,yes,chinaaarr
303,Person_303,7,328,159,8,3,4,yes,randi
304,Person_304,13,2559,195,17,3,11,yes,chinaaarr
305,Person_305,0,94,41,1,0,0,no,normal
306,Person_306,8,1795,186,17,3,12,yes,chinaaarr
307,Person_307,6,335,173,7,4,4,yes,randi
308,Person_308,14,1574,193,15,3,11,yes,chinaaarr
309,Person_309,0,87,44,3,0,0,no,normal
310,Person_310,13,1986,193,17,3,7,yes,chinaaarr
311,Person_311,7,389,172,7,3,3,yes,randi
312,Person_312,10,2373,193,18,3,10,yes,chinaaarr
313,Person_313,0,91,30,3,0,0,no,normal
314,Person_314,13,2296,196,19,3,8,yes,chinaaarr
315,Person_315,6,362,174,9,4,4,yes,randi
316,Person_316,13,2152,197,15,3,11,yes,chinaaarr
317,Person_317,0,83,43,2,1,0,no,normal
318,Person_318,10,2617,193,15,2,7,yes,chinaaarr
319,Person_319,6,307,168,8,5,3,yes,randi
320,Person_320,14,1574,193,16,3,8,yes,chinaaarr
321,Person_321,0,94,31,2,0,0,no,normal
322,Person_322,11,1839,189,19,2,9,yes,chinaaarr
323,Person_323,5,381,162,9,3,5,yes,randi
324,Person_324,9,2345,196,17,2,11,yes,chinaaarr
325,Person_325,0,95,37,2,0,0,no,normal
326,Person_326,14,2262,187,13,2,9,yes,chinaaarr
327,Person_327,6,320,151,6,5,4,yes,randi
328,Person_328,12,2160,186,16,2,9,yes,chinaaarr
329,Person_329,1,95,43,2,1,0,no,normal
330,Person_330,9,2987,186,14,2,9,yes,chinaaarr
331,Person_331,5,396,162,6,4,5,yes,randi
332,Person_332,11,1659,190,16,3,10,yes,chinaaarr
333,Person_333,1,76,34,2,1,0,no,normal
334,Person_334,14,2334,180,17,3,11,yes,chinaaarr
335,Person_335,7,400,172,7,4,5,yes,randi
336,Person_336,11,2720,190,16,2,11,yes,chinaaarr
337,Person_337,0,88,48,2,0,0,no,normal
338,Person_338,8,2831,183,17,3,11,yes,chinaaarr
339,Person_339,7,329,168,9,4,4,yes,randi
340,Person_340,14,1694,190,18,3,10,yes,chinaaarr
341,Person_341,0,75,35,1,1,0,no,normal
342,Person_342,8,2602,186,17,3,9,yes,chinaaarr
343,Person_343,7,404,150,7,5,3,yes,randi
344,Person_344,13,2415,198,16,3,11,yes,chinaaarr
345,Person_345,0,87,32,1,0,0,no,normal
346,Person_346,9,1693,188,15,3,11,yes,chinaaarr
347,Person_347,6,303,162,9,4,4,yes,randi
348,Person_348,14,1557,189,15,2,10,yes,chinaaarr
349,Person_349,0,95,48,1,0,0,no,normal
350,Person_350,14,2317,184,15,2,10,yes,chinaaarr
351,Person_351,6,356,170,9,4,5,yes,randi
352,Person_352,11,2101,189,16,3,12,yes,chinaaarr
353,Person_353,1,91,33,2,1,0,no,normal
354,Person_354,13,2928,186,14,3,13,yes,chinaaarr
355,Person_355,7,412,167,7,4,5,yes,randi
356,Person_356,9,1408,196,14,2,7,yes,chinaaarr
357,Person_357,0,82,49,3,1,0,no,normal
358,Person_358,15,2948,181,13,2,11,yes,chinaaarr
359,Person_359,7,408,156,9,3,6,yes,randi
360,Person_360,11,2886,196,16,3,11,yes,chinaaarr
361,Person_361,0,87,46,3,1,0,no,normal
362,Person_362,15,1302,189,13,3,13,yes,chinaaarr
363,Person_363,5,343,153,9,5,5,yes,randi
364,Person_364,12,2120,190,15,2,8,yes,chinaaarr
365,Person_365,0,80,31,2,1,0,no,normal
366,Person_366,8,2938,200,16,2,13,yes,chinaaarr
367,Person_367,7,332,162,7,5,6,yes,randi
368,Person_368,14,2679,195,17,2,12,yes,chinaaarr
369,Person_369,0,78,45,3,1,0,no,normal
370,Person_370,12,2205,182,15,2,10,yes,chinaaarr
371,Person_371,7,382,158,9,5,6,yes,randi
372,Person_372,9,2348,193,17,3,7,yes,chinaaarr
373,Person_373,0,93,41,2,1,0,no,normal
374,Person_374,10,2649,184,13,2,9,yes,chinaaarr
375,Person_375,6,409,160,8,3,4,yes,randi
376,Person_376,8,2177,186,15,2,8,yes,chinaaarr
377,Person_377,0,79,32,1,0,0,no,normal
378,Person_378,15,1730,180,15,2,9,yes,chinaaarr
379,Person_379,5,416,165,7,4,3,yes,randi
380,Person_380,8,1937,188,15,2,11,yes,chinaaarr
381,Person_381,1,77,34,3,0,0,no,normal
382,Person_382,8,1938,183,13,2,11,yes,chinaaarr
383,Person_383,7,328,172,9,3,4,yes,randi
384,Person_384,11,2278,189,16,2,7,yes,chinaaarr
385,Person_385,0,90,47,3,0,0,no,normal
386,Person_386,8,1770,197,18,2,8,yes,chinaaarr
387,Person_387,7,358,160,8,5,3,yes,randi
388,Person_388,8,1670,185,18,2,9,yes,chinaaarr
389,Person_389,1,83,32,2,0,0,no,normal
390,Person_390,10,2638,184,16,2,12,yes,chinaaarr
391,Person_391,6,335,153,7,4,3,yes,randi
392,Person_392,10,2124,186,16,2,12,yes,chinaaarr
393,Person_393,0,76,31,3,0,0,no,normal
394,Person_394,13,2980,200,13,2,8,yes,chinaaarr
395,Person_395,7,360,170,6,3,5,yes,randi
396,Person_396,12,2448,186,14,3,12,yes,chinaaarr
397,Person_397,0,76,36,3,1,0,no,normal
398,Person_398,12,2881,182,14,2,12,yes,chinaaarr
399,Person_399,5,327,174,9,4,5,yes,randi
400,Person_400,9,2811,195,17,2,9,yes,chinaaarr
401,Person_401,0,80,39,3,0,0,no,normal
402,Person_402,9,2033,199,19,2,9,yes,chinaaarr
403,Person_403,6,315,175,7,5,4,yes,randi
404,Person_404,11,2825,194,14,3,8,yes,chinaaarr
405,Person_405,0,94,36,3,0,0,no,normal
406,Person_406,9,1755,190,18,3,13,yes,chinaaarr
407,Person_407,6,331,168,7,5,3,yes,randi
408,Person_408,14,2272,185,14,3,8,yes,chinaaarr
409,Person_409,0,94,45,3,0,0,no,normal
410,Person_410,11,1675,185,15,2,10,yes,chinaaarr
411,Person_411,5,327,159,9,5,4,yes,randi
412,Person_412,11,2714,194,18,2,10,yes,chinaaarr
413,Person_413,0,89,31,1,0,0,no,normal
414,Person_414,10,1510,189,15,2,9,yes,chinaaarr
415,Person_415,5,331,157,6,4,5,yes,randi
416,Person_416,12,1511,194,14,3,10,yes,chinaaarr
417,Person_417,1,86,49,3,1,0,no,normal
418,Person_418,10,1607,187,19,2,11,yes,chinaaarr
419,Person_419,7,403,173,8,4,4,yes,randi
420,Person_420,12,2573,185,15,3,10,yes,chinaaarr
421,Person_421,0,93,30,1,0,0,no,normal
422,Person_422,9,2340,193,13,3,9,yes,chinaaarr
423,Person_423,6,414,161,7,5,5,yes,randi
424,Person_424,8,2050,188,15,3,12,yes,chinaaarr
425,Person_425,1,92,47,1,1,0,no,normal
426,Person_426,10,1801,181,13,2,10,yes,chinaaarr
427,Person_427,7,407,164,6,4,5,yes,randi
428,Person_428,13,2729,193,18,2,9,yes,chinaaarr
429,Person_429,0,84,31,1,1,0,no,normal
430,Person_430,9,1312,187,19,2,10,yes,chinaaarr
431,Person_431,5,394,167,6,4,5,yes,randi
432,Person_432,10,2856,188,18,3,8,yes,chinaaarr
433,Person_433,0,90,47,1,0,0,no,normal
434,Person_434,13,2572,184,13,2,9,yes,chinaaarr
435,Person_435,7,331,157,9,4,3,yes,randi
436,Person_436,13,1841,197,14,2,9,yes,chinaaarr
437,Person_437,1,80,30,3,1,0,no,normal
438,Person_438,12,2354,200,17,3,12,yes,chinaaarr
439,Person_439,6,354,174,7,5,3,yes,randi
440,Person_440,9,1831,195,14,3,7,yes,chinaaarr
441,Person_441,0,82,31,1,1,0,no,normal
442,Person_442,11,1970,191,19,3,11,yes,chinaaarr
443,Person_443,5,355,171,6,5,5,yes,randi
444,Person_444,13,2292,194,14,3,10,yes,chinaaarr
445,Person_445,0,86,30,1,0,0,no,normal
446,Person_446,9,2826,184,19,3,11,yes,chinaaarr
447,Person_447,5,391,153,7,3,3,yes,randi
448,Person_448,12,2099,192,17,3,7,yes,chinaaarr
449,Person_449,1,86,36,1,0,0,no,normal
450,Person_450,8,2903,195,16,3,9,yes,chinaaarr
451,Person_451,7,419,156,7,5,4,yes,randi
452,Person_452,10,1753,193,15,3,11,yes,chinaaarr
453,Person_453,0,95,39,3,0,0,no,normal
454,Person_454,11,2266,192,13,3,9,yes,chinaaarr
455,Person_455,5,335,160,7,5,3,yes,randi
456,Person_456,14,2437,190,14,2,10,yes,chinaaarr
457,Person_457,0,82,31,1,0,0,no,normal
458,Person_458,12,2756,197,18,3,10,yes,chinaaarr
459,Person_459,7,369,170,9,4,3,yes,randi
460,Person_460,9,2332,190,15,2,7,yes,chinaaarr
461,Person_461,0,76,31,3,1,0,no,normal
462,Person_462,8,1629,190,18,3,13,yes,chinaaarr
463,Person_463,6,416,160,8,5,3,yes,randi
464,Person_464,14,2829,188,17,2,12,yes,chinaaarr
465,Person_465,1,76,30,2,0,0,no,normal
466,Person_466,10,2413,186,17,2,9,yes,chinaaarr
467,Person_467,5,391,155,9,3,5,yes,randi
468,Person_468,14,2086,191,14,3,11,yes,chinaaarr
469,Person_469,0,87,32,1,1,0,no,normal
470,Person_470,14,2347,197,13,2,10,yes,chinaaarr
471,Person_471,6,359,151,8,4,4,yes,randi
472,Person_472,11,2808,196,14,2,9,yes,chinaaarr
473,Person_473,0,87,30,1,1,0,no,normal
474,Person_474,11,2578,199,16,3,12,yes,chinaaarr
475,Person_475,5,320,170,6,4,3,yes,randi
476,Person_476,12,2663,186,17,3,12,yes,chinaaarr
477,Person_477,1,81,46,1,1,0,no,normal
478,Person_478,14,2191,180,16,2,9,yes,chinaaarr
479,Person_479,7,344,173,7,4,4,yes,randi
480,Person_480,8,1565,193,16,2,11,yes,chinaaarr
481,Person_481,1,75,47,2,0,0,no,normal
482,Person_482,11,1436,200,14,2,13,yes,chinaaarr
483,Person_483,5,326,171,9,5,6,yes,randi
484,Person_484,9,1510,193,16,3,7,yes,chinaaarr
485,Person_485,0,78,44,1,0,0,no,normal
486,Person_486,13,1676,182,18,3,13,yes,chinaaarr
487,Person_487,5,311,169,7,5,4,yes,randi
488,Person_488,10,2128,194,14,3,8,yes,chinaaarr
489,Person_489,0,91,47,2,0,0,no,normal
490,Person_490,14,2274,184,19,3,7,yes,chinaaarr
491,Person_491,5,407,171,7,4,3,yes,randi
492,Person_492,11,2032,189,15,2,12,yes,chinaaarr
493,Person_493,0,82,33,2,0,0,no,normal
494,Person_494,10,2113,198,18,2,8,yes,chinaaarr
495,Person_495,6,309,159,6,5,5,yes,randi
496,Person_496,11,2811,185,14,2,11,yes,chinaaarr
497,Person_497,0,80,37,3,0,0,no,normal
498,Person_498,11,2770,184,19,2,7,yes,chinaaarr
499,Person_499,6,303,170,7,4,3,yes,randi
500,Person_500,8,1750,196,17,2,11,yes,chinaaarr
501,Person_501,0,79,43,2,0,0,no,normal
502,Person_502,8,1715,182,15,3,11,yes,chinaaarr
503,Person_503,5,375,155,7,5,4,yes,randi
504,Person_504,11,2297,191,15,3,9,yes,chinaaarr
505,Person_505,0,90,42,3,0,0,no,normal
506,Person_506,14,2838,183,19,2,13,yes,chinaaarr
507,Person_507,5,371,150,8,5,5,yes,randi
508,Person_508,12,1637,198,14,3,12,yes,chinaaarr
509,Person_509,1,90,37,1,1,0,no,normal
510,Person_510,15,2403,187,14,3,9,yes,chinaaarr
511,Person_511,6,407,170,9,3,6,yes,randi
512,Person_512,9,2620,194,17,3,10,yes,chinaaarr
513,Person_513,0,88,49,1,0,0,no,normal
514,Person_514,14,1516,198,15,2,13,yes,chinaaarr
515,Person_515,5,392,159,8,3,5,yes,randi
516,Person_516,10,2424,195,16,2,11,yes,chinaaarr
517,Person_517,0,88,30,1,0,0,no,normal
518,Person_518,10,1317,197,13,3,7,yes,chinaaarr
519,Person_519,6,333,162,8,3,3,yes,randi
520,Person_520,10,1550,189,18,3,10,yes,chinaaarr
521,Person_521,0,89,44,3,0,0,no,normal
522,Person_522,9,1482,190,14,3,10,yes,chinaaarr
523,Person_523,7,412,166,6,3,3,yes,randi
524,Person_524,12,2219,185,17,2,8,yes,chinaaarr
525,Person_525,0,86,41,2,1,0,no,normal
526,Person_526,9,2685,193,13,2,9,yes,chinaaarr
527,Person_527,5,336,150,7,4,5,yes,randi
528,Person_528,11,2575,189,17,3,7,yes,chinaaarr
529,Person_529,0,79,37,2,0,0,no,normal
530,Person_530,12,2876,189,13,3,13,yes,chinaaarr
531,Person_531,5,321,162,7,4,5,yes,randi
532,Person_532,14,2163,190,17,3,8,yes,chinaaarr
533,Person_533,0,82,48,3,0,0,no,normal
534,Person_534,9,2925,191,15,2,11,yes,chinaaarr
535,Person_535,6,378,152,6,3,5,yes,randi
536,Person_536,14,1940,192,17,2,12,yes,chinaaarr
537,Person_537,0,80,40,1,0,0,no,normal
538,Person_538,10,2524,184,16,2,9,yes,chinaaarr
539,Person_539,5,395,173,8,5,4,yes,randi
540,Person_540,12,1579,198,16,2,7,yes,chinaaarr
541,Person_541,0,82,39,2,0,0,no,normal
542,Person_542,9,2219,181,18,2,11,yes,chinaaarr
543,Person_543,7,408,167,6,5,3,yes,randi
544,Person_544,8,1882,186,14,3,12,yes,chinaaarr
545,Person_545,0,76,50,1,0,0,no,normal
546,Person_546,15,2474,185,18,2,8,yes,chinaaarr
547,Person_547,6,331,159,8,3,6,yes,randi
548,Person_548,8,1938,197,15,3,7,yes,chinaaarr
549,Person_549,0,88,43,1,1,0,no,normal
550,Person_550,12,2958,199,15,3,12,yes,chinaaarr
551,Person_551,6,329,164,9,3,3,yes,randi
552,Person_552,14,1644,189,14,3,10,yes,chinaaarr
553,Person_553,0,89,49,2,0,0,no,normal
554,Person_554,13,2754,190,19,2,7,yes,chinaaarr
555,Person_555,5,413,170,8,3,5,yes,randi
556,Person_556,12,2387,196,16,3,9,yes,chinaaarr
557,Person_557,1,90,31,1,1,0,no,normal
558,Person_558,14,2857,183,16,3,13,yes,chinaaarr
559,Person_559,7,413,165,6,4,5,yes,randi
560,Person_560,14,1412,192,18,2,11,yes,chinaaarr
561,Person_561,1,92,32,3,1,0,no,normal
562,Person_562,9,1756,189,18,2,11,yes,chinaaarr
563,Person_563,6,345,169,7,4,5,yes,randi
564,Person_564,9,1860,196,17,2,12,yes,chinaaarr
565,Person_565,0,84,35,2,1,0,no,normal
566,Person_566,14,1346,200,18,2,8,yes,chinaaarr
567,Person_567,6,367,169,9,5,5,yes,randi
568,Person_568,12,2823,188,15,3,10,yes,chinaaarr
569,Person_569,1,91,43,1,1,0,no,normal
570,Person_570,11,1675,192,17,3,9,yes,chinaaarr
571,Person_571,7,314,153,9,4,3,yes,randi
572,Person_572,9,1592,197,14,3,8,yes,chinaaarr
573,Person_573,0,78,47,2,1,0,no,normal
574,Person_574,12,2091,181,19,3,7,yes,chinaaarr
575,Person_575,7,322,166,8,4,5,yes,randi
576,Person_576,12,2272,189,16,3,8,yes,chinaaarr
577,Person_577,0,78,35,1,1,0,no,normal
578,Person_578,9,2503,194,19,3,9,yes,chinaaarr
579,Person_579,5,353,171,7,4,6,yes,randi
580,Person_580,14,2840,185,18,3,7,yes,chinaaarr
581,Person_581,1,82,41,2,0,0,no,normal
582,Person_582,12,1461,181,18,3,8,yes,chinaaarr
583,Person_583,7,356,163,8,3,6,yes,randi
584,Person_584,10,2565,188,15,2,11,yes,chinaaarr
585,Person_585,0,82,30,1,0,0,no,normal
586,Person_586,10,1858,181,16,2,9,yes,chinaaarr
587,Person_587,7,326,157,8,3,3,yes,randi
588,Person_588,11,2413,189,16,3,11,yes,chinaaarr
589,Person_589,0,75,38,1,1,0,no,normal
590,Person_590,12,2188,183,15,3,13,yes,chinaaarr
591,Person_591,5,416,175,8,4,5,yes,randi
592,Person_592,14,1466,187,17,2,8,yes,chinaaarr
593,Person_593,0,75,34,2,1,0,no,normal
594,Person_594,11,1766,195,19,2,9,yes,chinaaarr
595,Person_595,6,306,168,6,3,5,yes,randi
596,Person_596,13,1680,192,17,2,12,yes,chinaaarr
597,Person_597,0,79,42,3,0,0,no,normal
598,Person_598,14,2308,194,18,3,10,yes,chinaaarr
599,Person_599,7,367,171,9,3,3,yes,randi
600,Person_600,8,1886,194,16,2,11,yes,chinaaarr
601,Person_601,0,92,39,3,0,0,no,normal
602,Person_602,10,1612,199,13,3,11,yes,chinaaarr
603,Person_603,7,352,168,8,4,5,yes,randi
604,Person_604,13,2754,186,16,3,7,yes,chinaaarr
605,Person_605,0,79,39,2,0,0,no,normal
606,Person_606,13,2939,188,15,3,7,yes,chinaaarr
607,Person_607,6,325,152,9,5,3,yes,randi
608,Person_608,12,2897,198,14,2,11,yes,chinaaarr
609,Person_609,1,88,47,2,0,0,no,normal
610,Person_610,10,1462,186,14,3,9,yes,chinaaarr
611,Person_611,6,315,160,8,4,4,yes,randi
612,Person_612,9,2696,185,18,2,11,yes,chinaaarr
613,Person_613,0,80,38,1,1,0,no,normal
614,Person_614,13,2605,184,19,3,12,yes,chinaaarr
615,Person_615,6,342,161,7,5,5,yes,randi
616,Person_616,10,1991,190,14,2,8,yes,chinaaarr
617,Person_617,0,89,46,1,0,0,no,normal
618,Person_618,10,1658,190,13,3,12,yes,chinaaarr
619,Person_619,5,339,171,9,5,4,yes,randi
620,Person_620,9,1622,191,14,2,8,yes,chinaaarr
621,Person_621,0,93,43,3,1,0,no,normal
622,Person_622,15,1304,190,13,2,12,yes,chinaaarr
623,Person_623,6,385,175,8,3,3,yes,randi
624,Person_624,8,2870,188,16,3,8,yes,chinaaarr
625,Person_625,0,78,34,3,1,0,no,normal
626,Person_626,9,1351,180,17,2,11,yes,chinaaarr
627,Person_627,7,326,175,7,4,4,yes,randi
628,Person_628,11,2615,192,17,3,11,yes,chinaaarr
629,Person_629,0,90,43,1,0,0,no,normal
630,Person_630,13,1334,189,19,2,10,yes,chinaaarr
631,Person_631,6,355,169,6,5,6,yes,randi
632,Person_632,12,2549,195,15,3,9,yes,chinaaarr
633,Person_633,0,79,44,1,1,0,no,normal
634,Person_634,15,1841,196,14,2,12,yes,chinaaarr
635,Person_635,6,346,169,8,5,6,yes,randi
636,Person_636,9,2240,198,17,2,8,yes,chinaaarr
637,Person_637,0,80,50,2,0,0,no,normal
638,Person_638,13,1949,191,13,3,9,yes,chinaaarr
639,Person_639,6,397,174,9,5,3,yes,randi
640,Person_640,13,2588,194,14,2,7,yes,chinaaarr
641,Person_641,0,87,34,3,0,0,no,normal
642,Person_642,9,2865,181,14,2,9,yes,chinaaarr
643,Person_643,7,370,166,7,3,4,yes,randi
644,Person_644,14,2465,188,17,3,11,yes,chinaaarr
645,Person_645,0,77,43,2,0,0,no,normal
646,Person_646,10,2850,193,14,3,7,yes,chinaaarr
647,Person_647,5,324,173,7,4,3,yes,randi
648,Person_648,12,1980,192,17,3,9,yes,chinaaarr
649,Person_649,0,83,44,1,0,0,no,normal
650,Person_650,13,2340,197,16,3,8,yes,chinaaarr
651,Person_651,5,372,172,7,4,6,yes,randi
652,Person_652,12,2013,193,15,3,7,yes,chinaaarr
653,Person_653,1,92,43,1,1,0,no,normal
654,Person_654,13,2578,193,17,3,7,yes,chinaaarr
655,Person_655,5,379,165,9,4,3,yes,randi
656,Person_656,14,2774,191,15,3,11,yes,chinaaarr
657,Person_657,0,75,40,1,0,0,no,normal
658,Person_658,10,2336,188,16,2,11,yes,chinaaarr
659,Person_659,7,346,152,9,5,6,yes,randi
660,Person_660,8,1631,196,14,2,8,yes,chinaaarr
661,Person_661,0,92,49,2,1,0,no,normal
662,Person_662,10,2691,193,18,2,7,yes,chinaaarr
663,Person_663,5,315,166,6,4,6,yes,randi
664,Person_664,14,2730,190,17,3,12,yes,chinaaarr
665,Person_665,1,75,33,3,1,0,no,normal
666,Person_666,14,1634,199,14,2,12,yes,chinaaarr
667,Person_667,7,371,171,8,5,3,yes,randi
668,Person_668,11,2394,197,15,3,11,yes,chinaaarr
669,Person_669,0,85,39,1,0,0,no,normal
670,Person_670,15,1662,187,15,3,11,yes,chinaaarr
671,Person_671,5,403,160,8,3,6,yes,randi
672,Person_672,13,1485,191,17,2,10,yes,chinaaarr
673,Person_673,0,94,46,3,0,0,no,normal
674,Person_674,15,2094,189,16,3,11,yes,chinaaarr
675,Person_675,5,418,159,9,4,5,yes,randi
676,Person_676,14,2842,195,16,2,9,yes,chinaaarr
677,Person_677,0,81,47,3,0,0,no,normal
678,Person_678,9,1430,188,14,2,13,yes,chinaaarr
679,Person_679,5,373,163,9,3,6,yes,randi
680,Person_680,11,2326,192,16,2,9,yes,chinaaarr
681,Person_681,0,90,50,1,0,0,no,normal
682,Person_682,8,1669,187,15,2,8,yes,chinaaarr
683,Person_683,6,355,172,6,3,4,yes,randi
684,Person_684,14,1725,186,17,2,12,yes,chinaaarr
685,Person_685,1,77,41,1,1,0,no,normal
686,Person_686,13,1527,195,14,2,11,yes,chinaaarr
687,Person_687,6,324,170,8,4,3,yes,randi
688,Person_688,12,2331,186,16,3,9,yes,chinaaarr
689,Person_689,0,87,38,2,1,0,no,normal
690,Person_690,15,2669,189,14,3,7,yes,chinaaarr
691,Person_691,7,409,150,7,5,4,yes,randi
692,Person_692,10,2078,195,14,2,11,yes,chinaaarr
693,Person_693,0,95,42,2,1,0,no,normal
694,Person_694,13,1460,198,14,3,7,yes,chinaaarr
695,Person_695,7,327,166,7,3,6,yes,randi
696,Person_696,9,2288,186,14,3,11,yes,chinaaarr
697,Person_697,0,92,47,3,1,0,no,normal
698,Person_698,11,1654,190,16,2,12,yes,chinaaarr
699,Person_699,6,363,167,9,4,4,yes,randi
700,Person_700,12,1874,192,18,2,9,yes,chinaaarr
701,Person_701,0,85,49,2,1,0,no,normal
702,Person_702,9,1947,190,15,2,9,yes,chinaaarr
703,Person_703,6,352,172,8,5,5,yes,randi
704,Person_704,9,1651,185,16,3,8,yes,chinaaarr
705,Person_705,0,90,36,3,1,0,no,normal
706,Person_706,11,2478,187,13,2,10,yes,chinaaarr
707,Person_707,6,301,155,7,3,5,yes,randi
708,Person_708,10,2687,191,16,3,10,yes,chinaaarr
709,Person_709,0,82,31,2,1,0,no,normal
710,Person_710,11,1545,182,13,3,11,yes,chinaaarr
711,Person_711,7,393,166,8,4,3,yes,randi
712,Person_712,11,2771,189,15,3,8,yes,chinaaarr
713,Person_713,0,92,47,1,0,0,no,normal
714,Person_714,12,2102,182,14,3,8,yes,chinaaarr
715,Person_715,5,367,157,6,5,6,yes,randi
716,Person_716,13,1542,195,17,2,7,yes,chinaaarr
717,Person_717,0,75,45,1,0,0,no,normal
718,Person_718,14,1581,187,14,3,11,yes,chinaaarr
719,Person_719,6,321,157,7,3,5,yes,randi
720,Person_720,14,1852,187,18,3,12,yes,chinaaarr
721,Person_721,0,93,50,3,1,0,no,normal
722,Person_722,12,1530,196,19,2,9,yes,chinaaarr
723,Person_723,5,339,152,9,3,3,yes,randi
724,Person_724,13,1988,189,18,2,7,yes,chinaaarr
725,Person_725,0,75,44,1,0,0,no,normal
726,Person_726,12,1397,199,15,2,8,yes,chinaaarr
727,Person_727,6,351,164,6,4,4,yes,randi
728,Person_728,12,2124,190,18,3,11,yes,chinaaarr
729,Person_729,0,85,36,2,0,0,no,normal
730,Person_730,10,2030,185,15,3,8,yes,chinaaarr
731,Person_731,5,388,159,6,5,4,yes,randi
732,Person_732,9,1567,188,16,3,12,yes,chinaaarr
733,Person_733,0,81,44,3,1,0,no,normal
734,Person_734,8,2043,182,19,2,11,yes,chinaaarr
735,Person_735,7,328,158,7,5,4,yes,randi
736,Person_736,10,2525,189,15,3,7,yes,chinaaarr
737,Person_737,0,92,32,1,1,0,no,normal
738,Person_738,10,1851,188,15,2,8,yes,chinaaarr
739,Person_739,6,403,160,7,5,5,yes,randi
740,Person_740,11,2553,195,14,3,10,yes,chinaaarr
741,Person_741,1,83,38,1,1,0,no,normal
742,Person_742,10,2087,181,19,3,11,yes,chinaaarr
743,Person_743,7,365,170,7,3,6,yes,randi
744,Person_744,11,1988,193,14,3,12,yes,chinaaarr
745,Person_745,1,75,43,1,1,0,no,normal
746,Person_746,15,1854,184,16,3,9,yes,chinaaarr
747,Person_747,7,373,168,7,3,6,yes,randi
748,Person_748,8,2269,187,14,2,7,yes,chinaaarr
749,Person_749,1,77,38,3,1,0,no,normal
750,Person_750,10,2959,183,13,3,9,yes,chinaaarr
751,Person_751,6,398,153,8,4,5,yes,randi
752,Person_752,9,2119,198,18,2,10,yes,chinaaarr
753,Person_753,0,82,47,1,1,0,no,normal
754,Person_754,13,1711,198,19,2,10,yes,chinaaarr
755,Person_755,5,344,162,8,4,6,yes,randi
756,Person_756,10,1550,190,14,3,8,yes,chinaaarr
757,Person_757,0,86,34,2,0,0,no,normal
758,Person_758,12,1882,196,18,3,7,yes,chinaaarr
759,Person_759,6,415,162,6,4,4,yes,randi
760,Person_760,12,1838,186,16,2,8,yes,chinaaarr
761,Person_761,0,95,31,1,0,0,no,normal
762,Person_762,8,1727,199,18,2,10,yes,chinaaarr
763,Person_763,7,368,164,9,5,3,yes,randi
764,Person_764,12,1887,192,16,2,10,yes,chinaaarr
765,Person_765,0,80,35,3,1,0,no,normal
766,Person_766,9,1300,182,17,2,8,yes,chinaaarr
767,Person_767,7,348,160,6,3,4,yes,randi
768,Person_768,11,1886,195,16,3,9,yes,chinaaarr
769,Person_769,0,81,40,3,1,0,no,normal
770,Person_770,14,2257,195,15,3,12,yes,chinaaarr
771,Person_771,5,419,155,7,3,5,yes,randi
772,Person_772,11,2663,196,17,2,9,yes,chinaaarr
773,Person_773,1,89,43,1,1,0,no,normal
774,Person_774,9,2812,186,14,3,8,yes,chinaaarr
775,Person_775,5,415,167,6,4,3,yes,randi
776,Person_776,11,1968,189,17,2,7,yes,chinaaarr
777,Person_777,1,79,41,1,0,0,no,normal
778,Person_778,9,2300,193,16,2,13,yes,chinaaarr
779,Person_779,5,409,163,6,3,6,yes,randi
780,Person_780,9,2522,197,14,2,7,yes,chinaaarr
781,Person_781,0,93,41,3,0,0,no,normal
782,Person_782,14,2986,197,14,3,10,yes,chinaaarr
783,Person_783,5,356,161,8,5,6,yes,randi
784,Person_784,12,2671,186,16,2,7,yes,chinaaarr
785,Person_785,0,85,38,3,0,0,no,normal
786,Person_786,8,1776,195,17,2,7,yes,chinaaarr
787,Person_787,7,387,152,6,3,4,yes,randi
788,Person_788,13,2241,196,16,2,10,yes,chinaaarr
789,Person_789,1,78,31,1,0,0,no,normal
790,Person_790,14,2639,190,19,3,7,yes,chinaaarr
791,Person_791,5,367,152,8,3,5,yes,randi
792,Person_792,12,2599,189,17,2,7,yes,chinaaarr
793,Person_793,0,84,45,1,0,0,no,normal
794,Person_794,15,1387,184,14,3,11,yes,chinaaarr
795,Person_795,5,301,170,9,5,6,yes,randi
796,Person_796,11,2209,193,18,3,12,yes,chinaaarr
797,Person_797,1,92,30,3,1,0,no,normal
798,Person_798,14,2489,190,13,3,8,yes,chinaaarr
799,Person_799,6,399,175,6,5,3,yes,randi
800,Person_800,11,1538,194,14,3,8,yes,chinaaarr
801,Person_801,0,87,32,3,1,0,no,normal
802,Person_802,12,2762,185,19,3,10,yes,chinaaarr
803,Person_803,6,404,174,8,4,6,yes,randi
804,Person_804,13,2168,186,18,2,7,yes,chinaaarr
805,Person_805,0,88,41,3,1,0,no,normal
806,Person_806,10,2967,198,17,3,13,yes,chinaaarr
807,Person_807,7,409,171,7,3,4,yes,randi
808,Person_808,10,1495,190,18,3,12,yes,chinaaarr
809,Person_809,0,82,32,3,0,0,no,normal
810,Person_810,15,1368,188,14,2,12,yes,chinaaarr
811,Person_811,5,416,175,6,5,5,yes,randi
812,Person_812,10,1552,187,14,2,9,yes,chinaaarr
813,Person_813,1,89,37,1,1,0,no,normal
814,Person_814,8,2375,180,19,3,9,yes,chinaaarr
815,Person_815,5,337,166,8,3,3,yes,randi
816,Person_816,9,2712,198,18,3,11,yes,chinaaarr
817,Person_817,0,78,43,1,1,0,no,normal
818,Person_818,10,1427,186,13,2,8,yes,chinaaarr
819,Person_819,6,304,158,6,3,3,yes,randi
820,Person_820,9,2725,188,15,2,8,yes,chinaaarr
821,Person_821,0,75,46,2,1,0,no,normal
822,Person_822,12,1421,183,19,2,11,yes,chinaaarr
823,Person_823,6,419,150,6,3,4,yes,randi
824,Person_824,8,2115,191,16,2,11,yes,chinaaarr
825,Person_825,0,76,47,3,0,0,no,normal
826,Person_826,10,2053,197,15,2,9,yes,chinaaarr
827,Person_827,7,362,170,6,3,5,yes,randi
828,Person_828,11,2517,194,17,3,12,yes,chinaaarr
829,Person_829,0,79,48,1,0,0,no,normal
830,Person_830,10,1656,185,13,3,9,yes,chinaaarr
831,Person_831,6,418,165,7,4,3,yes,randi
832,Person_832,13,2319,194,18,2,8,yes,chinaaarr
833,Person_833,0,85,43,3,1,0,no,normal
834,Person_834,14,1912,187,18,3,9,yes,chinaaarr
835,Person_835,7,407,160,9,3,3,yes,randi
836,Person_836,8,2310,186,17,3,8,yes,chinaaarr
837,Person_837,0,92,50,1,0,0,no,normal
838,Person_838,8,1496,199,16,2,12,yes,chinaaarr
839,Person_839,6,345,159,7,4,4,yes,randi
840,Person_840,14,1416,192,15,2,11,yes,chinaaarr
841,Person_841,0,82,33,1,0,0,no,normal
842,Person_842,15,1416,196,16,3,9,yes,chinaaarr
843,Person_843,5,373,174,9,5,5,yes,randi
844,Person_844,9,2267,192,18,2,8,yes,chinaaarr
845,Person_845,0,89,33,1,1,0,no,normal
846,Person_846,13,2466,196,17,3,7,yes,chinaaarr
847,Person_847,6,369,170,9,4,3,yes,randi
848,Person_848,9,2749,190,14,2,10,yes,chinaaarr
849,Person_849,0,89,44,2,0,0,no,normal
850,Person_850,8,2849,188,16,2,11,yes,chinaaarr
851,Person_851,5,367,150,9,4,5,yes,randi
852,Person_852,14,2382,196,18,3,11,yes,chinaaarr
853,Person_853,1,84,35,2,0,0,no,normal
854,Person_854,10,1625,184,17,2,13,yes,chinaaarr
855,Person_855,7,339,172,9,3,4,yes,randi
856,Person_856,11,1859,196,16,2,12,yes,chinaaarr
857,Person_857,0,75,30,2,0,0,no,normal
858,Person_858,8,2700,180,19,2,8,yes,chinaaarr
859,Person_859,6,351,168,8,5,5,yes,randi
860,Person_860,14,2006,190,17,2,12,yes,chinaaarr
861,Person_861,0,79,49,1,0,0,no,normal
862,Person_862,14,1362,191,14,3,12,yes,chinaaarr
863,Person_863,7,354,152,8,3,4,yes,randi
864,Person_864,11,1994,193,17,2,8,yes,chinaaarr
865,Person_865,0,85,50,3,0,0,no,normal
866,Person_866,14,1604,194,19,2,10,yes,chinaaarr
867,Person_867,5,420,167,7,5,6,yes,randi
868,Person_868,11,2431,187,17,3,7,yes,chinaaarr
869,Person_869,0,81,32,3,0,0,no,normal
870,Person_870,11,1539,195,14,3,9,yes,chinaaarr
871,Person_871,7,311,166,6,4,5,yes,randi
872,Person_872,12,2879,191,15,3,7,yes,chinaaarr
873,Person_873,1,89,50,2,0,0,no,normal
874,Person_874,12,1333,197,17,3,9,yes,chinaaarr
875,Person_875,5,348,172,7,5,6,yes,randi
876,Person_876,8,2496,192,15,3,9,yes,chinaaarr
877,Person_877,1,90,37,2,0,0,no,normal
878,Person_878,11,2221,189,18,3,11,yes,chinaaarr
879,Person_879,6,324,175,7,3,5,yes,randi
880,Person_880,8,2055,192,17,2,10,yes,chinaaarr
881,Person_881,0,75,44,3,1,0,no,normal
882,Person_882,8,1341,186,13,2,11,yes,chinaaarr
883,Person_883,5,331,163,6,4,6,yes,randi
884,Person_884,11,1985,193,17,3,8,yes,chinaaarr
885,Person_885,0,81,48,3,0,0,no,normal
886,Person_886,13,2985,182,15,3,9,yes,chinaaarr
887,Person_887,6,369,172,6,5,5,yes,randi
888,Person_888,13,1828,192,14,3,11,yes,chinaaarr
889,Person_889,0,86,46,1,1,0,no,normal
890,Person_890,10,2320,199,16,3,10,yes,chinaaarr
891,Person_891,6,300,155,8,5,3,yes,randi
892,Person_892,12,2859,191,17,2,8,yes,chinaaarr
893,Person_893,0,86,41,2,0,0,no,normal
894,Person_894,13,2129,187,14,2,11,yes,chinaaarr
895,Person_895,5,376,159,9,4,5,yes,randi
896,Person_896,13,2322,185,16,3,8,yes,chinaaarr
897,Person_897,0,79,36,2,0,0,no,normal
898,Person_898,14,2947,188,16,2,12,yes,chinaaarr
899,Person_899,6,330,158,9,4,3,yes,randi
900,Person_900,14,2380,196,15,3,12,yes,chinaaarr
901,Person_901,1,78,45,2,0,0,no,normal
902,Person_902,14,1633,187,14,2,12,yes,chinaaarr
903,Person_903,7,410,175,7,4,3,yes,randi
904,Person_904,8,1448,188,16,3,9,yes,chinaaarr
905,Person_905,1,86,35,1,0,0,no,normal
906,Person_906,13,1649,193,15,3,7,yes,chinaaarr
907,Person_907,6,337,159,8,5,3,yes,randi
908,Person_908,13,1687,185,16,3,11,yes,chinaaarr
909,Person_909,0,92,38,2,0,0,no,normal
910,Person_910,15,1581,197,13,3,8,yes,chinaaarr
911,Person_911,6,365,160,6,3,3,yes,randi
912,Person_912,12,2206,190,17,3,10,yes,chinaaarr
913,Person_913,0,78,48,2,1,0,no,normal
914,Person_914,12,2560,181,18,2,7,yes,chinaaarr
915,Person_915,6,413,153,7,5,3,yes,randi
916,Person_916,11,2117,194,16,2,10,yes,chinaaarr
917,Person_917,0,86,30,3,1,0,no,normal
918,Person_918,11,2150,193,16,3,7,yes,chinaaarr
919,Person_919,5,405,164,9,5,6,yes,randi
920,Person_920,8,2063,193,14,2,9,yes,chinaaarr
921,Person_921,0,83,46,3,1,0,no,normal
922,Person_922,10,2017,197,13,3,12,yes,chinaaarr
923,Person_923,7,406,150,6,4,6,yes,randi
924,Person_924,9,2299,191,16,2,11,yes,chinaaarr
925,Person_925,0,95,50,3,0,0,no,normal
926,Person_926,11,2295,199,15,2,7,yes,chinaaarr
927,Person_927,6,374,172,6,3,6,yes,randi
928,Person_928,12,1625,197,17,3,12,yes,chinaaarr
929,Person_929,1,77,42,3,0,0,no,normal
930,Person_930,11,1492,196,17,3,11,yes,chinaaarr
931,Person_931,6,377,151,8,3,3,yes,randi
932,Person_932,10,2137,190,14,3,9,yes,chinaaarr
933,Person_933,1,83,37,2,0,0,no,normal
934,Person_934,15,2013,186,13,3,9,yes,chinaaarr
935,Person_935,6,347,171,6,3,3,yes,randi
936,Person_936,12,2041,186,18,3,11,yes,chinaaarr
937,Person_937,0,95,32,2,0,0,no,normal
938,Person_938,14,1521,187,16,2,12,yes,chinaaarr
939,Person_939,6,358,170,8,5,6,yes,randi
940,Person_940,14,2692,191,14,3,10,yes,chinaaarr
941,Person_941,0,79,32,3,1,0,no,normal
942,Person_942,13,2941,184,14,3,7,yes,chinaaarr
943,Person_943,7,373,159,7,5,4,yes,randi
944,Person_944,8,1599,190,18,2,8,yes,chinaaarr
945,Person_945,0,86,42,1,0,0,no,normal
946,Person_946,11,1372,194,19,2,12,yes,chinaaarr
947,Person_947,5,386,174,9,3,3,yes,randi
948,Person_948,8,2248,190,16,3,12,yes,chinaaarr
949,Person_949,0,80,39,3,0,0,no,normal
950,Person_950,10,2325,200,18,2,8,yes,chinaaarr
951,Person_951,7,302,155,9,4,6,yes,randi
952,Person_952,13,1626,193,17,2,9,yes,chinaaarr
953,Person_953,0,84,34,2,0,0,no,normal
954,Person_954,13,1334,185,17,3,9,yes,chinaaarr
955,Person_955,6,419,152,8,3,3,yes,randi
956,Person_956,14,2384,188,14,2,11,yes,chinaaarr
957,Person_957,1,88,42,3,1,0,no,normal
958,Person_958,15,2942,198,14,3,9,yes,chinaaarr
959,Person_959,7,399,160,7,3,3,yes,randi
960,Person_960,9,2661,193,17,2,7,yes,chinaaarr
961,Person_961,1,88,36,1,1,0,no,normal
962,Person_962,11,2249,190,13,2,13,yes,chinaaarr
963,Person_963,6,305,153,9,3,5,yes,randi
964,Person_964,8,1841,194,14,2,7,yes,chinaaarr
965,Person_965,0,81,41,3,0,0,no,normal
966,Person_966,14,2537,193,15,3,11,yes,chinaaarr
967,Person_967,5,317,152,8,4,6,yes,randi
968,Person_968,11,2350,197,16,3,8,yes,chinaaarr
969,Person_969,0,88,44,1,1,0,no,normal
970,Person_970,12,2758,192,19,2,13,yes,chinaaarr
971,Person_971,5,390,171,7,4,3,yes,randi
972,Person_972,11,2720,186,18,3,9,yes,chinaaarr
973,Person_973,0,90,32,1,0,0,no,normal
974,Person_974,10,2869,199,17,3,7,yes,chinaaarr
975,Person_975,5,357,170,6,3,6,yes,randi
976,Person_976,11,1407,190,15,3,7,yes,chinaaarr
977,Person_977,0,94,45,2,1,0,no,normal
978,Person_978,13,2837,195,17,3,10,yes,chinaaarr
979,Person_979,5,390,153,9,5,5,yes,randi
980,Person_980,8,2855,187,17,3,11,yes,chinaaarr
981,Person_981,0,92,40,3,1,0,no,normal
982,Person_982,8,1990,200,17,2,12,yes,chinaaarr
983,Person_983,6,374,172,7,5,5,yes,randi
984,Person_984,8,1466,194,15,2,8,yes,chinaaarr
985,Person_985,0,94,46,3,0,0,no,normal
986,Person_986,12,2720,190,13,2,13,yes,chinaaarr
987,Person_987,5,382,151,9,4,3,yes,randi
988,Person_988,14,2527,185,16,3,10,yes,chinaaarr
989,Person_989,0,79,32,2,0,0,no,normal
990,Person_990,11,2679,188,17,3,10,yes,chinaaarr
991,Person_991,5,417,150,6,3,6,yes,randi
992,Person_992,12,1992,189,15,2,8,yes,chinaaarr
993,Person_993,1,85,46,1,0,0,no,normal
994,Person_994,9,2245,191,18,3,9,yes,chinaaarr
995,Person_995,6,316,156,8,3,6,yes,randi
996,Person_996,8,2566,192,17,2,7,yes,chinaaarr
997,Person_997,0,79,50,1,0,0,no,normal
998,Person_998,13,2600,200,16,2,11,yes,chinaaarr
999,Person_999,5,305,169,7,5,3,yes,randi
1000,Person_1000,8,1551,194,17,3,9,yes,chinaaarr
1001,Person_1001,1,89,44,3,1,0,no,normal
1002,Person_1002,9,1664,184,14,2,8,yes,chinaaarr
1003,Person_1003,6,372,153,7,3,6,yes,randi
1004,Person_1004,12,2419,189,15,2,10,yes,chinaaarr
1005,Person_1005,0,92,46,3,0,0,no,normal
1006,Person_1006,9,2531,198,18,2,7,yes,chinaaarr
1007,Person_1007,6,360,154,7,3,3,yes,randi
1008,Person_1008,14,2685,197,15,2,9,yes,chinaaarr
1009,Person_1009,1,94,47,3,0,0,no,normal
1010,Person_1010,14,1425,189,14,2,8,yes,chinaaarr
1011,Person_1011,6,322,162,9,5,6,yes,randi
1012,Person_1012,11,1660,193,18,3,11,yes,chinaaarr
1013,Person_1013,0,92,36,2,1,0,no,normal
1014,Person_1014,14,1405,194,14,2,9,yes,chinaaarr
1015,Person_1015,6,384,162,6,4,3,yes,randi
1016,Person_1016,9,2361,187,18,3,12,yes,chinaaarr
1017,Person_1017,0,90,46,1,1,0,no,normal
1018,Person_1018,8,1845,193,13,2,13,yes,chinaaarr
1019,Person_1019,7,315,154,9,3,5,yes,randi
1020,Person_1020,8,1489,196,14,2,10,yes,chinaaarr
1021,Person_1021,0,88,39,3,1,0,no,normal
1022,Person_1022,14,1806,192,14,3,11,yes,chinaaarr
1023,Person_1023,7,413,155,8,4,4,yes,randi
1024,Person_1024,9,2842,189,14,2,7,yes,chinaaarr
1025,Person_1025,1,88,35,2,1,0,no,normal
1026,Person_1026,11,1637,187,18,3,12,yes,chinaaarr
1027,Person_1027,5,398,160,6,5,6,yes,randi
1028,Person_1028,8,2617,187,15,2,12,yes,chinaaarr
1029,Person_1029,0,92,30,2,0,0,no,normal
1030,Person_1030,15,1497,197,18,2,10,yes,chinaaarr
1031,Person_1031,7,332,155,6,3,3,yes,randi
1032,Person_1032,14,1460,190,18,3,11,yes,chinaaarr
1033,Person_1033,0,91,30,2,0,0,no,normal
1034,Person_1034,9,2749,188,14,3,12,yes,chinaaarr
1035,Person_1035,6,348,171,8,5,5,yes,randi
1036,Person_1036,12,1961,190,14,2,12,yes,chinaaarr
1037,Person_1037,0,79,42,3,1,0,no,normal
1038,Person_1038,11,2471,188,17,3,9,yes,chinaaarr
1039,Person_1039,6,351,156,8,3,3,yes,randi
1040,Person_1040,12,1977,193,15,2,10,yes,chinaaarr
1041,Person_1041,0,89,31,3,0,0,no,normal
1042,Person_1042,13,1806,185,19,2,13,yes,chinaaarr
1043,Person_1043,6,386,168,7,5,6,yes,randi
1044,Person_1044,10,1790,196,17,3,11,yes,chinaaarr
1045,Person_1045,0,90,31,3,0,0,no,normal
1046,Person_1046,12,1320,197,18,3,10,yes,chinaaarr
1047,Person_1047,6,418,159,7,5,4,yes,randi
1048,Person_1048,12,1905,197,16,3,7,yes,chinaaarr
1049,Person_1049,0,95,45,3,1,0,no,normal
1050,Person_1050,13,2121,183,15,3,9,yes,chinaaarr
1051,Person_1051,5,370,164,8,3,3,yes,randi
1052,Person_1052,14,1872,185,17,3,7,yes,chinaaarr
1053,Person_1053,0,95,34,2,1,0,no,normal
1054,Person_1054,13,2379,200,15,2,13,yes,chinaaarr
1055,Person_1055,6,415,165,6,4,6,yes,randi
1056,Person_1056,11,2562,187,14,2,11,yes,chinaaarr
1057,Person_1057,0,89,49,3,1,0,no,normal
1058,Person_1058,12,2224,192,17,3,10,yes,chinaaarr
1059,Person_1059,6,404,173,8,4,6,yes,randi
1060,Person_1060,14,2566,187,17,2,12,yes,chinaaarr
1061,Person_1061,0,92,49,3,0,0,no,normal
1062,Person_1062,13,1935,185,13,3,7,yes,chinaaarr
1063,Person_1063,7,327,160,7,4,5,yes,randi
1064,Person_1064,12,2866,195,17,2,11,yes,chinaaarr
1065,Person_1065,1,77,33,1,0,0,no,normal
1066,Person_1066,12,2324,199,15,2,7,yes,chinaaarr
1067,Person_1067,6,337,156,8,3,4,yes,randi
1068,Person_1068,9,1978,189,18,3,8,yes,chinaaarr
1069,Person_1069,0,75,37,3,1,0,no,normal
1070,Person_1070,14,1803,186,16,3,12,yes,chinaaarr
1071,Person_1071,5,400,172,9,5,5,yes,randi
1072,Person_1072,9,2221,185,15,2,9,yes,chinaaarr
1073,Person_1073,0,78,48,2,0,0,no,normal
1074,Person_1074,10,2860,184,16,3,10,yes,chinaaarr
1075,Person_1075,6,380,160,6,5,4,yes,randi
1076,Person_1076,11,2039,190,14,3,9,yes,chinaaarr
1077,Person_1077,0,84,33,2,1,0,no,normal
1078,Person_1078,9,2328,187,15,3,11,yes,chinaaarr
1079,Person_1079,7,400,152,6,4,5,yes,randi
1080,Person_1080,10,2397,187,17,3,9,yes,chinaaarr
1081,Person_1081,0,81,32,3,0,0,no,normal
1082,Person_1082,11,2337,195,18,3,7,yes,chinaaarr
1083,Person_1083,5,387,160,8,5,6,yes,randi
1084,Person_1084,13,2314,192,15,2,10,yes,chinaaarr
1085,Person_1085,0,92,45,3,0,0,no,normal
1086,Person_1086,13,2320,184,14,3,11,yes,chinaaarr
1087,Person_1087,6,346,165,9,5,5,yes,randi
1088,Person_1088,12,1428,195,15,3,7,yes,chinaaarr
1089,Person_1089,1,76,35,2,0,0,no,normal
1090,Person_1090,10,2746,184,17,2,7,yes,chinaaarr
1091,Person_1091,6,387,167,7,4,3,yes,randi
1092,Person_1092,9,1768,196,15,3,8,yes,chinaaarr
1093,Person_1093,0,95,41,1,1,0,no,normal
1094,Person_1094,10,1884,181,17,3,12,yes,chinaaarr
1095,Person_1095,5,304,175,8,5,6,yes,randi
1096,Person_1096,8,1794,196,17,2,9,yes,chinaaarr
1097,Person_1097,1,93,47,1,0,0,no,normal
1098,Person_1098,12,1954,180,19,2,12,yes,chinaaarr
1099,Person_1099,7,358,158,8,4,5,yes,randi
1100,Person_1100,8,2276,192,18,3,12,yes,chinaaarr
1101,Person_1101,0,93,49,3,1,0,no,normal
1102,Person_1102,11,2874,192,15,3,13,yes,chinaaarr
1103,Person_1103,6,419,170,6,4,3,yes,randi
1104,Person_1104,12,1772,193,15,2,11,yes,chinaaarr
1105,Person_1105,1,81,39,2,1,0,no,normal
1106,Person_1106,10,1964,187,17,3,7,yes,chinaaarr
1107,Person_1107,6,315,156,7,3,3,yes,randi
1108,Person_1108,8,2462,190,15,3,12,yes,chinaaarr
1109,Person_1109,0,79,45,3,1,0,no,normal
1110,Person_1110,8,2727,198,16,3,13,yes,chinaaarr
1111,Person_1111,5,415,154,7,4,5,yes,randi
1112,Person_1112,14,1773,198,15,2,9,yes,chinaaarr
1113,Person_1113,1,75,49,2,0,0,no,normal
1114,Person_1114,8,2502,185,16,2,10,yes,chinaaarr
1115,Person_1115,5,408,168,9,5,4,yes,randi
1116,Person_1116,12,2758,195,14,3,11,yes,chinaaarr
1117,Person_1117,0,83,38,2,1,0,no,normal
1118,Person_1118,11,2735,186,15,2,7,yes,chinaaarr
1119,Person_1119,5,356,151,8,4,5,yes,randi
1120,Person_1120,8,1472,192,17,2,9,yes,chinaaarr
1121,Person_1121,0,92,47,1,0,0,no,normal
1122,Person_1122,9,2909,194,16,3,13,yes,chinaaarr
1123,Person_1123,5,339,166,7,3,3,yes,randi
1124,Person_1124,10,2751,192,18,3,11,yes,chinaaarr
1125,Person_1125,0,78,48,1,0,0,no,normal
1126,Person_1126,11,2462,200,16,2,12,yes,chinaaarr
1127,Person_1127,6,328,152,8,5,5,yes,randi
1128,Person_1128,11,2149,198,16,3,11,yes,chinaaarr
1129,Person_1129,0,77,38,1,0,0,no,normal
1130,Person_1130,12,1713,181,17,2,12,yes,chinaaarr
1131,Person_1131,5,398,170,6,5,3,yes,randi
1132,Person_1132,10,1945,191,16,2,11,yes,chinaaarr
1133,Person_1133,0,76,48,1,1,0,no,normal
1134,Person_1134,14,2660,192,14,3,9,yes,chinaaarr
1135,Person_1135,7,352,175,9,3,4,yes,randi
1136,Person_1136,13,1723,194,17,3,10,yes,chinaaarr
1137,Person_1137,0,81,38,3,0,0,no,normal
1138,Person_1138,11,2542,191,17,3,10,yes,chinaaarr
1139,Person_1139,5,366,154,6,5,5,yes,randi
1140,Person_1140,9,1495,196,18,2,12,yes,chinaaarr
1141,Person_1141,0,78,37,2,1,0,no,normal
1142,Person_1142,15,2859,181,14,3,13,yes,chinaaarr
1143,Person_1143,6,407,172,8,3,3,yes,randi
1144,Person_1144,13,2674,189,17,2,10,yes,chinaaarr
1145,Person_1145,0,75,49,1,0,0,no,normal
1146,Person_1146,8,2945,181,13,3,11,yes,chinaaarr
1147,Person_1147,7,390,161,6,3,3,yes,randi
1148,Person_1148,11,2304,193,15,2,7,yes,chinaaarr
1149,Person_1149,0,88,39,3,1,0,no,normal
1150,Person_1150,12,2892,194,13,2,12,yes,chinaaarr
1151,Person_1151,6,326,166,9,5,3,yes,randi
1152,Person_1152,10,2092,191,16,3,9,yes,chinaaarr
1153,Person_1153,0,89,38,3,1,0,no,normal
1154,Person_1154,11,1857,190,19,3,11,yes,chinaaarr
1155,Person_1155,6,327,158,6,4,6,yes,randi
1156,Person_1156,13,2645,189,16,2,10,yes,chinaaarr
1157,Person_1157,0,93,46,1,1,0,no,normal
1158,Person_1158,10,1306,186,18,2,8,yes,chinaaarr
1159,Person_1159,6,350,166,6,5,4,yes,randi
1160,Person_1160,12,1877,190,18,2,12,yes,chinaaarr
1161,Person_1161,1,88,35,1,0,0,no,normal
1162,Person_1162,9,2571,192,14,3,8,yes,chinaaarr
1163,Person_1163,7,402,159,6,3,4,yes,randi
1164,Person_1164,8,1477,187,14,3,8,yes,chinaaarr
1165,Person_1165,0,76,47,1,0,0,no,normal
1166,Person_1166,14,2653,189,19,3,7,yes,chinaaarr
1167,Person_1167,7,331,173,7,3,5,yes,randi
1168,Person_1168,10,2396,188,16,2,11,yes,chinaaarr
1169,Person_1169,1,88,36,1,0,0,no,normal
1170,Person_1170,10,1729,198,13,3,10,yes,chinaaarr
1171,Person_1171,6,412,168,7,3,4,yes,randi
1172,Person_1172,12,2269,192,14,3,10,yes,chinaaarr
1173,Person_1173,0,94,44,2,1,0,no,normal
1174,Person_1174,15,2564,191,17,2,12,yes,chinaaarr
1175,Person_1175,6,331,162,9,5,5,yes,randi
1176,Person_1176,10,2824,189,15,3,7,yes,chinaaarr
1177,Person_1177,0,76,46,2,1,0,no,normal
1178,Person_1178,8,1966,184,17,3,12,yes,chinaaarr
1179,Person_1179,7,403,174,7,5,5,yes,randi
1180,Person_1180,11,1523,194,16,3,12,yes,chinaaarr
1181,Person_1181,0,83,34,1,1,0,no,normal
1182,Person_1182,9,1447,193,16,3,10,yes,chinaaarr
1183,Person_1183,7,381,167,9,3,4,yes,randi
1184,Person_1184,10,2192,185,14,2,8,yes,chinaaarr
1185,Person_1185,0,93,30,2,0,0,no,normal
1186,Person_1186,10,1853,181,13,3,13,yes,chinaaarr
1187,Person_1187,6,310,155,8,5,3,yes,randi
1188,Person_1188,14,1889,187,14,2,10,yes,chinaaarr
1189,Person_1189,1,93,41,1,1,0,no,normal
1190,Person_1190,12,2570,183,18,2,9,yes,chinaaarr
1191,Person_1191,5,416,160,6,3,5,yes,randi
1192,Person_1192,10,1682,193,18,3,9,yes,chinaaarr
1193,Person_1193,0,89,31,1,1,0,no,normal
1194,Person_1194,13,1745,185,18,2,11,yes,chinaaarr
1195,Person_1195,5,314,157,6,5,4,yes,randi
1196,Person_1196,8,2639,194,16,3,7,yes,chinaaarr
1197,Person_1197,0,94,49,2,0,0,no,normal
1198,Person_1198,14,1346,186,19,3,11,yes,chinaaarr
1199,Person_1199,5,311,169,6,4,5,yes,randi
1200,Person_1200,14,2857,191,14,3,11,yes,chinaaarr
1201,Person_1201,0,89,45,3,0,0,no,normal
1202,Person_1202,14,2529,181,14,3,11,yes,chinaaarr
1203,Person_1203,7,376,172,7,3,6,yes,randi
1204,Person_1204,12,2119,187,14,2,9,yes,chinaaarr
1205,Person_1205,0,84,41,1,0,0,no,normal
1206,Person_1206,12,2363,188,16,3,9,yes,chinaaarr
1207,Person_1207,6,359,150,7,3,3,yes,randi
1208,Person_1208,12,1536,186,17,2,7,yes,chinaaarr
1209,Person_1209,0,79,50,3,1,0,no,normal
1210,Person_1210,9,1305,186,14,2,12,yes,chinaaarr
1211,Person_1211,5,300,169,8,5,6,yes,randi
1212,Person_1212,14,1815,197,18,2,8,yes,chinaaarr
1213,Person_1213,1,76,45,1,0,0,no,normal
1214,Person_1214,13,2479,193,17,3,12,yes,chinaaarr
1215,Person_1215,5,401,172,9,4,5,yes,randi
1216,Person_1216,10,2133,192,17,3,10,yes,chinaaarr
1217,Person_1217,0,75,40,1,0,0,no,normal
1218,Person_1218,15,1626,195,16,3,11,yes,chinaaarr
1219,Person_1219,5,376,155,7,5,6,yes,randi
1220,Person_1220,8,2805,191,15,3,8,yes,chinaaarr
1221,Person_1221,0,81,48,3,1,0,no,normal
1222,Person_1222,15,2502,180,16,2,11,yes,chinaaarr
1223,Person_1223,5,398,174,7,5,4,yes,randi
1224,Person_1224,11,2631,187,15,3,9,yes,chinaaarr
1225,Person_1225,0,80,32,2,1,0,no,normal
1226,Person_1226,11,1611,195,18,3,10,yes,chinaaarr
1227,Person_1227,5,412,152,7,5,4,yes,randi
1228,Person_1228,9,2269,191,17,2,7,yes,chinaaarr
1229,Person_1229,0,87,45,2,1,0,no,normal
1230,Person_1230,14,2757,200,15,3,11,yes,chinaaarr
1231,Person_1231,5,354,167,7,4,3,yes,randi
1232,Person_1232,12,2477,186,16,3,8,yes,chinaaarr
1233,Person_1233,0,84,47,2,1,0,no,normal
1234,Person_1234,12,2365,197,18,3,12,yes,chinaaarr
1235,Person_1235,7,380,152,8,4,3,yes,randi
1236,Person_1236,11,1908,185,14,2,12,yes,chinaaarr
1237,Person_1237,0,94,43,2,0,0,no,normal
1238,Person_1238,13,2168,183,16,3,11,yes,chinaaarr
1239,Person_1239,6,346,173,8,3,4,yes,randi
1240,Person_1240,13,2530,188,16,3,9,yes,chinaaarr
1241,Person_1241,0,78,30,1,1,0,no,normal
1242,Person_1242,11,1487,188,19,2,8,yes,chinaaarr
1243,Person_1243,6,362,152,8,5,4,yes,randi
1244,Person_1244,8,2745,196,17,2,9,yes,chinaaarr
1245,Person_1245,0,95,45,2,1,0,no,normal
1246,Person_1246,15,2986,181,15,3,7,yes,chinaaarr
1247,Person_1247,7,316,168,8,3,6,yes,randi
1248,Person_1248,13,1675,195,17,3,9,yes,chinaaarr
1249,Person_1249,0,93,45,1,1,0,no,normal
1250,Person_1250,11,2216,198,14,2,13,yes,chinaaarr
1251,Person_1251,5,335,161,6,4,4,yes,randi
1252,Person_1252,12,1680,188,16,2,9,yes,chinaaarr
1253,Person_1253,0,93,49,2,1,0,no,normal
1254,Person_1254,15,2387,189,18,2,8,yes,chinaaarr
1255,Person_1255,7,385,166,8,3,5,yes,randi
1256,Person_1256,8,2475,195,14,3,12,yes,chinaaarr
1257,Person_1257,0,89,41,3,1,0,no,normal
1258,Person_1258,15,2900,183,14,3,9,yes,chinaaarr
1259,Person_1259,7,351,160,8,3,6,yes,randi
1260,Person_1260,8,1939,192,16,2,9,yes,chinaaarr
1261,Person_1261,0,86,49,3,1,0,no,normal
1262,Person_1262,10,1956,192,18,3,9,yes,chinaaarr
1263,Person_1263,6,319,166,9,5,3,yes,randi
1264,Person_1264,11,2566,196,18,3,10,yes,chinaaarr
1265,Person_1265,0,86,32,1,0,0,no,normal
1266,Person_1266,13,2497,196,16,2,13,yes,chinaaarr
1267,Person_1267,7,406,174,8,4,3,yes,randi
1268,Person_1268,13,2222,191,15,2,10,yes,chinaaarr
1269,Person_1269,0,83,30,3,0,0,no,normal
1270,Person_1270,8,2612,181,15,2,12,yes,chinaaarr
1271,Person_1271,6,395,173,6,4,5,yes,randi
1272,Person_1272,8,2613,191,17,3,12,yes,chinaaarr
1273,Person_1273,0,91,34,2,0,0,no,normal
1274,Person_1274,11,1965,197,13,2,11,yes,chinaaarr
1275,Person_1275,7,320,151,9,3,5,yes,randi
1276,Person_1276,14,1468,196,14,3,7,yes,chinaaarr
1277,Person_1277,0,84,31,3,0,0,no,normal
1278,Person_1278,15,2080,199,17,3,8,yes,chinaaarr
1279,Person_1279,6,341,151,6,3,3,yes,randi
1280,Person_1280,14,2597,187,15,2,10,yes,chinaaarr
1281,Person_1281,0,76,48,3,1,0,no,normal
1282,Person_1282,14,2949,182,19,3,8,yes,chinaaarr
1283,Person_1283,6,342,162,9,3,6,yes,randi
1284,Person_1284,13,1645,185,18,2,11,yes,chinaaarr
1285,Person_1285,1,92,31,1,1,0,no,normal
1286,Person_1286,11,1513,200,19,3,7,yes,chinaaarr
1287,Person_1287,5,407,163,8,3,5,yes,randi
1288,Person_1288,11,1890,197,14,2,7,yes,chinaaarr
1289,Person_1289,1,82,36,3,1,0,no,normal
1290,Person_1290,13,2762,193,14,3,9,yes,chinaaarr
1291,Person_1291,5,408,150,9,5,3,yes,randi
1292,Person_1292,10,2785,185,14,3,8,yes,chinaaarr
1293,Person_1293,0,89,32,2,1,0,no,normal
1294,Person_1294,15,1466,187,16,3,9,yes,chinaaarr
1295,Person_1295,6,419,160,9,3,3,yes,randi
1296,Person_1296,10,1708,185,16,3,11,yes,chinaaarr
1297,Person_1297,0,84,32,2,0,0,no,normal
1298,Person_1298,9,2187,194,16,3,10,yes,chinaaarr
1299,Person_1299,7,358,163,7,3,3,yes,randi
1300,Person_1300,14,2738,185,16,2,7,yes,chinaaarr
1301,Person_1301,0,93,43,2,0,0,no,normal
1302,Person_1302,10,1937,186,17,2,9,yes,chinaaarr
1303,Person_1303,6,397,166,8,5,4,yes,randi
1304,Person_1304,9,2700,197,16,2,12,yes,chinaaarr
1305,Person_1305,0,79,40,1,1,0,no,normal
1306,Person_1306,15,1313,200,15,3,9,yes,chinaaarr
1307,Person_1307,5,372,157,9,3,3,yes,randi
1308,Person_1308,11,2050,192,16,2,11,yes,chinaaarr
1309,Person_1309,1,89,50,1,0,0,no,normal
1310,Person_1310,13,1350,200,19,3,13,yes,chinaaarr
1311,Person_1311,5,333,168,7,3,5,yes,randi
1312,Person_1312,9,2232,192,14,3,12,yes,chinaaarr
1313,Person_1313,0,89,42,1,1,0,no,normal
1314,Person_1314,11,2028,185,17,3,9,yes,chinaaarr
1315,Person_1315,6,361,158,7,3,4,yes,randi
1316,Person_1316,11,2749,187,14,3,12,yes,chinaaarr
1317,Person_1317,0,81,45,3,1,0,no,normal
1318,Person_1318,8,2838,191,13,3,7,yes,chinaaarr
1319,Person_1319,7,362,166,6,5,4,yes,randi
1320,Person_1320,11,1471,194,15,2,8,yes,chinaaarr
1321,Person_1321,0,94,32,1,0,0,no,normal
1322,Person_1322,8,2256,180,13,2,7,yes,chinaaarr
1323,Person_1323,5,399,156,8,5,6,yes,randi
1324,Person_1324,9,1528,190,17,3,9,yes,chinaaarr
1325,Person_1325,1,95,31,2,0,0,no,normal
1326,Person_1326,13,2455,198,17,2,11,yes,chinaaarr
1327,Person_1327,5,342,171,9,4,5,yes,randi
1328,Person_1328,8,2219,198,15,2,11,yes,chinaaarr
1329,Person_1329,1,88,50,1,0,0,no,normal
1330,Person_1330,13,1962,181,13,3,7,yes,chinaaarr
1331,Person_1331,6,334,175,8,5,3,yes,randi
1332,Person_1332,10,1487,186,16,2,10,yes,chinaaarr
1333,Person_1333,0,83,42,3,1,0,no,normal
1334,Person_1334,8,2741,200,17,3,13,yes,chinaaarr
1335,Person_1335,5,383,171,6,4,4,yes,randi
1336,Person_1336,11,1535,198,16,3,12,yes,chinaaarr
1337,Person_1337,0,77,50,2,1,0,no,normal
1338,Person_1338,9,2656,197,17,3,8,yes,chinaaarr
1339,Person_1339,5,395,160,9,5,6,yes,randi
1340,Person_1340,8,2417,186,18,3,7,yes,chinaaarr
1341,Person_1341,0,81,42,1,1,0,no,normal
1342,Person_1342,12,1504,180,19,2,12,yes,chinaaarr
1343,Person_1343,5,408,156,7,4,5,yes,randi
1344,Person_1344,11,1525,193,15,3,11,yes,chinaaarr
1345,Person_1345,0,82,40,2,1,0,no,normal
1346,Person_1346,10,2448,194,15,3,8,yes,chinaaarr
1347,Person_1347,7,386,153,7,3,3,yes,randi
1348,Person_1348,8,2288,193,14,2,10,yes,chinaaarr
1349,Person_1349,0,94,50,1,0,0,no,normal
1350,Person_1350,8,2276,198,15,3,8,yes,chinaaarr
1351,Person_1351,6,412,163,8,4,3,yes,randi
1352,Person_1352,11,2703,197,15,2,7,yes,chinaaarr
1353,Person_1353,1,76,30,1,1,0,no,normal
1354,Person_1354,8,1915,187,13,2,12,yes,chinaaarr
1355,Person_1355,7,330,168,6,5,4,yes,randi
1356,Person_1356,12,1823,193,14,3,10,yes,chinaaarr
1357,Person_1357,0,91,45,1,0,0,no,normal
1358,Person_1358,13,1393,192,16,2,7,yes,chinaaarr
1359,Person_1359,6,384,174,9,4,6,yes,randi
1360,Person_1360,11,2244,190,15,3,10,yes,chinaaarr
1361,Person_1361,0,88,31,2,0,0,no,normal
1362,Person_1362,9,1496,186,15,3,13,yes,chinaaarr
1363,Person_1363,7,300,164,6,3,4,yes,randi
1364,Person_1364,12,2187,185,14,2,11,yes,chinaaarr
1365,Person_1365,0,87,34,3,1,0,no,normal
1366,Person_1366,9,2813,186,18,3,7,yes,chinaaarr
1367,Person_1367,5,332,160,9,5,6,yes,randi
1368,Person_1368,10,1905,185,17,3,7,yes,chinaaarr
1369,Person_1369,0,80,44,1,1,0,no,normal
1370,Person_1370,9,1897,188,18,3,11,yes,chinaaarr
1371,Person_1371,5,409,155,7,4,4,yes,randi
1372,Person_1372,14,2104,188,15,3,11,yes,chinaaarr
1373,Person_1373,0,88,40,1,0,0,no,normal
1374,Person_1374,9,1645,192,16,2,12,yes,chinaaarr
1375,Person_1375,7,302,165,6,3,4,yes,randi
1376,Person_1376,14,2662,195,14,3,11,yes,chinaaarr
1377,Person_1377,0,85,35,1,0,0,no,normal
1378,Person_1378,9,2080,191,14,3,12,yes,chinaaarr
1379,Person_1379,6,319,159,6,5,4,yes,randi
1380,Person_1380,8,2299,188,16,3,10,yes,chinaaarr
1381,Person_1381,0,95,33,2,1,0,no,normal
1382,Person_1382,11,2503,195,19,3,13,yes,chinaaarr
1383,Person_1383,6,367,172,9,5,4,yes,randi
1384,Person_1384,12,2612,197,17,3,12,yes,chinaaarr
1385,Person_1385,1,84,33,2,1,0,no,normal
1386,Person_1386,10,1344,199,18,2,13,yes,chinaaarr
1387,Person_1387,6,316,167,8,4,6,yes,randi
1388,Person_1388,9,2773,196,17,3,8,yes,chinaaarr
1389,Person_1389,0,75,43,1,0,0,no,normal
1390,Person_1390,13,2256,184,13,2,10,yes,chinaaarr
1391,Person_1391,7,329,162,9,5,5,yes,randi
1392,Person_1392,11,1454,193,15,2,9,yes,chinaaarr
1393,Person_1393,0,90,48,3,1,0,no,normal
1394,Person_1394,14,1347,191,15,3,7,yes,chinaaarr
1395,Person_1395,6,355,165,6,4,5,yes,randi
1396,Person_1396,9,1426,186,16,3,7,yes,chinaaarr
1397,Person_1397,1,83,40,3,1,0,no,normal
1398,Person_1398,13,2791,196,16,2,7,yes,chinaaarr
1399,Person_1399,6,396,174,9,4,3,yes,randi
1400,Person_1400,8,1884,197,16,2,7,yes,chinaaarr
1401,Person_1401,0,86,48,3,1,0,no,normal
1402,Person_1402,12,2440,188,18,3,12,yes,chinaaarr
1403,Person_1403,7,326,164,6,3,6,yes,randi
1404,Person_1404,10,2404,191,18,3,8,yes,chinaaarr
1405,Person_1405,1,94,32,3,0,0,no,normal
1406,Person_1406,11,2457,181,16,3,7,yes,chinaaarr
1407,Person_1407,7,322,174,7,4,4,yes,randi
1408,Person_1408,14,2360,192,18,2,12,yes,chinaaarr
1409,Person_1409,0,78,33,3,0,0,no,normal
1410,Person_1410,14,1323,192,15,2,11,yes,chinaaarr
1411,Person_1411,5,346,150,8,5,3,yes,randi
1412,Person_1412,14,2876,194,14,2,10,yes,chinaaarr
1413,Person_1413,0,89,36,1,0,0,no,normal
1414,Person_1414,15,2494,184,16,2,9,yes,chinaaarr
1415,Person_1415,6,376,173,7,3,6,yes,randi
1416,Person_1416,9,1633,188,16,2,9,yes,chinaaarr
1417,Person_1417,0,78,42,1,1,0,no,normal
1418,Person_1418,9,2590,187,15,2,13,yes,chinaaarr
1419,Person_1419,5,410,175,8,5,5,yes,randi
1420,Person_1420,9,2591,191,14,2,7,yes,chinaaarr
1421,Person_1421,0,77,46,1,1,0,no,normal
1422,Person_1422,13,2068,191,16,2,8,yes,chinaaarr
1423,Person_1423,5,351,167,9,4,6,yes,randi
1424,Person_1424,9,1991,196,17,2,8,yes,chinaaarr
1425,Person_1425,0,94,44,3,0,0,no,normal
1426,Person_1426,9,2510,185,15,3,13,yes,chinaaarr
1427,Person_1427,5,413,151,8,4,5,yes,randi
1428,Person_1428,10,1710,187,18,3,12,yes,chinaaarr
1429,Person_1429,0,81,46,2,0,0,no,normal
1430,Person_1430,11,2241,195,18,2,11,yes,chinaaarr
1431,Person_1431,5,364,174,9,5,4,yes,randi
1432,Person_1432,10,2461,185,15,3,9,yes,chinaaarr
1433,Person_1433,0,77,48,1,1,0,no,normal
1434,Person_1434,13,1931,200,15,2,10,yes,chinaaarr
1435,Person_1435,5,377,151,9,4,4,yes,randi
1436,Person_1436,8,1499,186,14,2,8,yes,chinaaarr
1437,Person_1437,0,88,44,1,1,0,no,normal
1438,Person_1438,14,1567,192,17,3,13,yes,chinaaarr
1439,Person_1439,6,300,170,8,3,6,yes,randi
1440,Person_1440,9,1681,192,18,2,9,yes,chinaaarr
1441,Person_1441,0,81,49,1,1,0,no,normal
1442,Person_1442,8,1976,180,18,2,11,yes,chinaaarr
1443,Person_1443,7,362,160,9,3,5,yes,randi
1444,Person_1444,12,1922,192,16,3,11,yes,chinaaarr
1445,Person_1445,0,84,32,1,0,0,no,normal
1446,Person_1446,14,2102,183,19,2,10,yes,chinaaarr
1447,Person_1447,5,403,158,6,3,5,yes,randi
1448,Person_1448,10,2170,191,15,2,9,yes,chinaaarr
1449,Person_1449,0,90,41,3,1,0,no,normal
1450,Person_1450,12,2773,196,17,2,10,yes,chinaaarr
1451,Person_1451,6,305,154,6,5,4,yes,randi
1452,Person_1452,12,2009,194,14,2,11,yes,chinaaarr
1453,Person_1453,0,95,39,3,1,0,no,normal
1454,Person_1454,13,1687,190,18,2,11,yes,chinaaarr
1455,Person_1455,5,319,155,7,4,4,yes,randi
1456,Person_1456,12,2153,196,15,3,10,yes,chinaaarr
1457,Person_1457,1,90,46,1,0,0,no,normal
1458,Person_1458,14,1329,180,14,3,11,yes,chinaaarr
1459,Person_1459,6,397,170,7,4,5,yes,randi
1460,Person_1460,10,1441,195,17,3,11,yes,chinaaarr
1461,Person_1461,0,82,41,3,0,0,no,normal
1462,Person_1462,13,2364,184,16,2,10,yes,chinaaarr
1463,Person_1463,7,303,166,8,4,4,yes,randi
1464,Person_1464,11,2659,194,15,2,7,yes,chinaaarr
1465,Person_1465,0,83,46,1,1,0,no,normal
1466,Person_1466,12,2988,183,14,2,8,yes,chinaaarr
1467,Person_1467,7,369,168,6,5,3,yes,randi
1468,Person_1468,12,2651,190,17,3,7,yes,chinaaarr
1469,Person_1469,1,94,34,2,0,0,no,normal
1470,Person_1470,9,2308,189,18,2,10,yes,chinaaarr
1471,Person_1471,6,337,169,9,5,6,yes,randi
1472,Person_1472,13,1576,190,16,3,8,yes,chinaaarr
1473,Person_1473,0,76,37,2,1,0,no,normal
1474,Person_1474,13,1612,190,17,3,11,yes,chinaaarr
1475,Person_1475,5,408,170,6,3,5,yes,randi
1476,Person_1476,12,1910,186,15,2,10,yes,chinaaarr
1477,Person_1477,0,77,30,1,0,0,no,normal
1478,Person_1478,14,1622,192,13,2,11,yes,chinaaarr
1479,Person_1479,7,364,170,9,4,6,yes,randi
1480,Person_1480,14,1440,195,16,3,8,yes,chinaaarr
1481,Person_1481,0,80,43,2,0,0,no,normal
1482,Person_1482,10,2663,196,15,3,13,yes,chinaaarr
1483,Person_1483,5,410,167,9,3,6,yes,randi
1484,Person_1484,10,2229,188,18,2,10,yes,chinaaarr
1485,Person_1485,0,87,46,2,0,0,no,normal
1486,Person_1486,15,1712,187,14,3,11,yes,chinaaarr
1487,Person_1487,6,418,175,6,5,6,yes,randi
1488,Person_1488,11,2588,190,18,3,10,yes,chinaaarr
1489,Person_1489,1,81,46,3,1,0,no,normal
1490,Person_1490,13,1355,198,16,2,11,yes,chinaaarr
1491,Person_1491,7,326,175,9,3,4,yes,randi
1492,Person_1492,11,2431,195,14,2,12,yes,chinaaarr
1493,Person_1493,0,92,49,3,1,0,no,normal
1494,Person_1494,15,1575,199,14,3,12,yes,chinaaarr
1495,Person_1495,5,337,157,7,3,6,yes,randi
1496,Person_1496,14,1828,198,15,3,11,yes,chinaaarr
1497,Person_1497,1,89,45,2,1,0,no,normal
1498,Person_1498,13,1541,195,18,2,7,yes,chinaaarr
1499,Person_1499,6,308,156,9,3,5,yes,randi
1500,Person_1500,9,2776,189,17,2,10,yes,chinaaarr
1501,Person_1501,1,92,45,3,1,0,no,normal
1502,Person_1502,15,2757,192,13,3,13,yes,chinaaarr
1503,Person_1503,5,303,168,6,5,3,yes,randi
1504,Person_1504,10,2646,187,18,3,12,yes,chinaaarr
1505,Person_1505,1,80,44,2,0,0,no,normal
1506,Person_1506,13,1910,194,14,3,13,yes,chinaaarr
1507,Person_1507,7,417,171,7,5,6,yes,randi
1508,Person_1508,12,2204,186,17,2,9,yes,chinaaarr
1509,Person_1509,1,90,46,3,1,0,no,normal
1510,Person_1510,13,1750,188,14,3,8,yes,chinaaarr
1511,Person_1511,5,354,168,9,5,5,yes,randi
1512,Person_1512,13,1510,187,17,3,11,yes,chinaaarr
1513,Person_1513,0,85,49,1,1,0,no,normal
1514,Person_1514,13,1586,196,15,3,7,yes,chinaaarr
1515,Person_1515,5,408,165,6,5,4,yes,randi
1516,Person_1516,11,2357,185,15,3,10,yes,chinaaarr
1517,Person_1517,0,80,36,3,0,0,no,normal
1518,Person_1518,10,2196,190,18,3,12,yes,chinaaarr
1519,Person_1519,7,396,165,9,4,4,yes,randi
1520,Person_1520,14,2842,194,17,3,12,yes,chinaaarr
1521,Person_1521,0,89,31,2,1,0,no,normal
1522,Person_1522,11,1594,193,18,2,7,yes,chinaaarr
1523,Person_1523,7,308,174,6,5,4,yes,randi
1524,Person_1524,13,2573,186,15,3,11,yes,chinaaarr
1525,Person_1525,1,91,35,2,0,0,no,normal
1526,Person_1526,12,2899,191,14,3,9,yes,chinaaarr
1527,Person_1527,5,310,173,6,5,4,yes,randi
1528,Person_1528,9,1755,187,18,2,7,yes,chinaaarr
1529,Person_1529,0,78,31,3,1,0,no,normal
1530,Person_1530,10,1777,195,17,3,8,yes,chinaaarr
1531,Person_1531,6,361,157,7,4,4,yes,randi
1532,Person_1532,9,2623,192,15,3,10,yes,chinaaarr
1533,Person_1533,0,80,42,2,1,0,no,normal
1534,Person_1534,14,2297,184,19,2,8,yes,chinaaarr
1535,Person_1535,5,301,155,8,4,5,yes,randi
1536,Person_1536,8,2208,196,18,2,7,yes,chinaaarr
1537,Person_1537,1,84,39,1,0,0,no,normal
1538,Person_1538,15,1497,194,15,2,10,yes,chinaaarr
1539,Person_1539,7,357,175,8,4,6,yes,randi
1540,Person_1540,14,2067,190,15,2,7,yes,chinaaarr
1541,Person_1541,0,77,38,1,0,0,no,normal
1542,Person_1542,13,2678,182,18,3,13,yes,chinaaarr
1543,Person_1543,6,312,166,6,5,3,yes,randi
1544,Person_1544,13,1851,190,17,3,12,yes,chinaaarr
1545,Person_1545,0,95,47,1,1,0,no,normal
1546,Person_1546,14,2399,192,19,3,7,yes,chinaaarr
1547,Person_1547,7,356,175,8,4,5,yes,randi
1548,Person_1548,11,1791,185,14,2,7,yes,chinaaarr
1549,Person_1549,0,75,33,1,1,0,no,normal
1550,Person_1550,11,2975,199,18,3,9,yes,chinaaarr
1551,Person_1551,7,344,158,9,3,4,yes,randi
1552,Person_1552,10,2501,196,18,3,7,yes,chinaaarr
1553,Person_1553,0,83,41,3,0,0,no,normal
1554,Person_1554,8,2202,180,15,2,8,yes,chinaaarr
1555,Person_1555,6,394,158,7,3,6,yes,randi
1556,Person_1556,14,2378,188,15,3,9,yes,chinaaarr
1557,Person_1557,0,89,40,2,0,0,no,normal
1558,Person_1558,11,2568,181,16,3,12,yes,chinaaarr
1559,Person_1559,7,316,153,9,4,6,yes,randi
1560,Person_1560,12,2222,195,18,3,7,yes,chinaaarr
1561,Person_1561,0,89,39,1,0,0,no,normal
1562,Person_1562,15,2330,195,18,2,10,yes,chinaaarr
1563,Person_1563,7,353,163,7,5,5,yes,randi
1564,Person_1564,11,1925,185,15,2,12,yes,chinaaarr
1565,Person_1565,1,76,43,3,1,0,no,normal
1566,Person_1566,8,2385,184,13,2,11,yes,chinaaarr
1567,Person_1567,6,361,171,7,5,4,yes,randi
1568,Person_1568,10,1404,196,15,3,12,yes,chinaaarr
1569,Person_1569,1,84,33,3,0,0,no,normal
1570,Person_1570,12,1745,189,15,3,10,yes,chinaaarr
1571,Person_1571,7,374,165,6,5,5,yes,randi
1572,Person_1572,10,1814,191,17,3,10,yes,chinaaarr
1573,Person_1573,0,76,32,2,0,0,no,normal
1574,Person_1574,14,1910,183,13,2,13,yes,chinaaarr
1575,Person_1575,5,405,157,6,4,4,yes,randi
1576,Person_1576,13,1712,189,18,2,12,yes,chinaaarr
1577,Person_1577,0,82,47,3,0,0,no,normal
1578,Person_1578,8,1526,184,13,2,12,yes,chinaaarr
1579,Person_1579,6,355,158,7,4,4,yes,randi
1580,Person_1580,9,2046,188,18,2,8,yes,chinaaarr
1581,Person_1581,0,94,35,2,0,0,no,normal
1582,Person_1582,14,1969,200,13,2,10,yes,chinaaarr
1583,Person_1583,6,326,150,6,5,6,yes,randi
1584,Person_1584,8,1868,189,16,2,7,yes,chinaaarr
1585,Person_1585,0,77,46,2,1,0,no,normal
1586,Person_1586,14,2738,200,13,3,12,yes,chinaaarr
1587,Person_1587,7,336,163,7,3,5,yes,randi
1588,Person_1588,11,1568,192,17,3,8,yes,chinaaarr
1589,Person_1589,0,82,33,3,0,0,no,normal
1590,Person_1590,14,1975,193,17,2,9,yes,chinaaarr
1591,Person_1591,7,332,170,8,5,3,yes,randi
1592,Person_1592,13,2573,196,14,3,12,yes,chinaaarr
1593,Person_1593,1,85,42,2,1,0,no,normal
1594,Person_1594,14,2501,197,16,3,12,yes,chinaaarr
1595,Person_1595,7,414,163,7,5,6,yes,randi
1596,Person_1596,12,2200,198,17,3,7,yes,chinaaarr
1597,Person_1597,0,77,48,1,0,0,no,normal
1598,Person_1598,15,2597,185,17,2,11,yes,chinaaarr
1599,Person_1599,7,394,152,6,4,3,yes,randi
1600,Person_1600,8,1866,197,17,3,12,yes,chinaaarr
1601,Person_1601,0,89,47,2,0,0,no,normal
1602,Person_1602,9,2369,200,16,3,10,yes,chinaaarr
1603,Person_1603,5,374,154,7,5,3,yes,randi
1604,Person_1604,13,1713,193,14,3,7,yes,chinaaarr
1605,Person_1605,0,94,32,1,1,0,no,normal
1606,Person_1606,12,2808,191,16,3,12,yes,chinaaarr
1607,Person_1607,7,306,164,6,4,3,yes,randi
1608,Person_1608,12,2890,188,16,2,12,yes,chinaaarr
1609,Person_1609,1,95,43,1,1,0,no,normal
1610,Person_1610,10,2213,183,15,2,10,yes,chinaaarr
1611,Person_1611,6,399,169,9,5,4,yes,randi
1612,Person_1612,12,2672,186,18,2,8,yes,chinaaarr
1613,Person_1613,1,77,46,3,0,0,no,normal
1614,Person_1614,8,1516,192,18,3,11,yes,chinaaarr
1615,Person_1615,5,313,168,9,3,3,yes,randi
1616,Person_1616,10,2819,185,16,3,10,yes,chinaaarr
1617,Person_1617,0,78,38,2,1,0,no,normal
1618,Person_1618,11,2263,194,19,2,9,yes,chinaaarr
1619,Person_1619,5,339,151,8,4,4,yes,randi
1620,Person_1620,8,1574,188,14,2,7,yes,chinaaarr
1621,Person_1621,0,92,43,3,1,0,no,normal
1622,Person_1622,14,1717,183,14,2,12,yes,chinaaarr
1623,Person_1623,5,413,175,8,4,4,yes,randi
1624,Person_1624,14,2451,198,17,3,9,yes,chinaaarr
1625,Person_1625,0,78,36,2,0,0,no,normal
1626,Person_1626,10,2553,189,15,3,8,yes,chinaaarr
1627,Person_1627,7,307,160,6,3,4,yes,randi
1628,Person_1628,13,2863,195,18,2,9,yes,chinaaarr
1629,Person_1629,0,77,36,1,1,0,no,normal
1630,Person_1630,8,2376,194,14,3,12,yes,chinaaarr
1631,Person_1631,6,362,165,7,5,3,yes,randi
1632,Person_1632,10,2385,189,15,2,12,yes,chinaaarr
1633,Person_1633,0,87,36,1,1,0,no,normal
1634,Person_1634,8,2793,188,19,2,10,yes,chinaaarr
1635,Person_1635,6,308,162,8,3,3,yes,randi
1636,Person_1636,10,2249,193,18,2,11,yes,chinaaarr
1637,Person_1637,0,86,39,1,0,0,no,normal
1638,Person_1638,10,2568,185,14,3,11,yes,chinaaarr
1639,Person_1639,7,335,152,9,3,5,yes,randi
1640,Person_1640,14,2727,189,14,2,7,yes,chinaaarr
1641,Person_1641,0,91,34,2,0,0,no,normal
1642,Person_1642,15,1520,181,19,2,7,yes,chinaaarr
1643,Person_1643,6,355,158,9,4,3,yes,randi
1644,Person_1644,9,1567,187,18,2,8,yes,chinaaarr
1645,Person_1645,0,81,38,3,1,0,no,normal
1646,Person_1646,10,1300,182,14,3,12,yes,chinaaarr
1647,Person_1647,7,415,175,8,3,3,yes,randi
1648,Person_1648,9,2167,186,15,3,7,yes,chinaaarr
1649,Person_1649,0,91,39,1,0,0,no,normal
1650,Person_1650,15,1412,186,17,2,9,yes,chinaaarr
1651,Person_1651,5,364,162,6,4,3,yes,randi
1652,Person_1652,9,1502,192,18,2,11,yes,chinaaarr
1653,Person_1653,0,84,34,1,1,0,no,normal
1654,Person_1654,9,2818,191,19,3,9,yes,chinaaarr
1655,Person_1655,7,365,154,6,3,6,yes,randi
1656,Person_1656,8,2467,193,15,2,10,yes,chinaaarr
1657,Person_1657,1,89,30,3,1,0,no,normal
1658,Person_1658,10,1333,191,15,2,9,yes,chinaaarr
1659,Person_1659,6,310,164,6,3,6,yes,randi
1660,Person_1660,10,2135,198,17,2,7,yes,chinaaarr
1661,Person_1661,0,86,36,1,1,0,no,normal
1662,Person_1662,9,2467,198,16,3,10,yes,chinaaarr
1663,Person_1663,6,408,154,6,3,6,yes,randi
1664,Person_1664,10,2699,195,15,2,12,yes,chinaaarr
1665,Person_1665,0,94,47,3,0,0,no,normal
1666,Person_1666,8,2139,181,18,2,8,yes,chinaaarr
1667,Person_1667,5,334,156,9,4,4,yes,randi
1668,Person_1668,13,1927,189,16,3,11,yes,chinaaarr
1669,Person_1669,1,90,44,1,0,0,no,normal
1670,Person_1670,13,2719,200,14,2,10,yes,chinaaarr
1671,Person_1671,7,403,160,9,3,3,yes,randi
1672,Person_1672,10,1608,194,17,2,10,yes,chinaaarr
1673,Person_1673,0,84,39,3,1,0,no,normal
1674,Person_1674,12,2280,189,18,3,10,yes,chinaaarr
1675,Person_1675,5,408,165,8,5,4,yes,randi
1676,Person_1676,13,2228,195,15,2,8,yes,chinaaarr
1677,Person_1677,0,95,42,3,1,0,no,normal
1678,Person_1678,11,1807,187,17,3,7,yes,chinaaarr
1679,Person_1679,5,398,159,9,4,6,yes,randi
1680,Person_1680,10,1952,190,15,3,10,yes,chinaaarr
1681,Person_1681,0,89,41,3,1,0,no,normal
1682,Person_1682,13,1421,200,19,3,7,yes,chinaaarr
1683,Person_1683,6,300,168,6,4,5,yes,randi
1684,Person_1684,10,2370,191,16,2,12,yes,chinaaarr
1685,Person_1685,0,88,39,3,0,0,no,normal
1686,Person_1686,9,1901,195,18,2,7,yes,chinaaarr
1687,Person_1687,6,409,152,7,4,4,yes,randi
1688,Person_1688,14,2101,190,14,3,11,yes,chinaaarr
1689,Person_1689,0,81,48,2,0,0,no,normal
1690,Person_1690,8,2229,196,14,2,9,yes,chinaaarr
1691,Person_1691,7,324,161,6,5,5,yes,randi
1692,Person_1692,9,2519,197,18,3,7,yes,chinaaarr
1693,Person_1693,0,90,36,2,0,0,no,normal
1694,Person_1694,10,1695,198,15,3,8,yes,chinaaarr
1695,Person_1695,6,354,156,9,5,3,yes,randi
1696,Person_1696,14,2266,189,18,3,8,yes,chinaaarr
1697,Person_1697,0,78,30,1,1,0,no,normal
1698,Person_1698,11,2171,193,19,2,8,yes,chinaaarr
1699,Person_1699,7,354,168,9,3,4,yes,randi
1700,Person_1700,14,1554,194,16,2,12,yes,chinaaarr
1701,Person_1701,0,79,38,3,0,0,no,normal
1702,Person_1702,9,1766,186,13,3,10,yes,chinaaarr
1703,Person_1703,7,310,164,6,5,5,yes,randi
1704,Person_1704,13,2376,185,17,3,10,yes,chinaaarr
1705,Person_1705,0,83,43,3,1,0,no,normal
1706,Person_1706,12,2738,196,13,3,10,yes,chinaaarr
1707,Person_1707,6,317,170,7,5,5,yes,randi
1708,Person_1708,13,1964,185,14,2,8,yes,chinaaarr
1709,Person_1709,0,84,47,1,1,0,no,normal
1710,Person_1710,9,2759,192,16,3,9,yes,chinaaarr
1711,Person_1711,7,394,161,9,5,5,yes,randi
1712,Person_1712,10,2082,192,17,2,11,yes,chinaaarr
1713,Person_1713,0,92,46,2,1,0,no,normal
1714,Person_1714,9,1618,196,13,3,11,yes,chinaaarr
1715,Person_1715,7,377,161,6,4,6,yes,randi
1716,Person_1716,9,2678,191,15,3,10,yes,chinaaarr
1717,Person_1717,0,91,36,1,1,0,no,normal
1718,Person_1718,9,2531,182,17,3,8,yes,chinaaarr
1719,Person_1719,6,369,174,9,5,3,yes,randi
1720,Person_1720,12,2703,188,18,3,12,yes,chinaaarr
1721,Person_1721,0,86,40,2,1,0,no,normal
1722,Person_1722,8,1930,181,19,2,8,yes,chinaaarr
1723,Person_1723,7,333,155,9,3,5,yes,randi
1724,Person_1724,13,2105,188,17,2,11,yes,chinaaarr
1725,Person_1725,0,90,42,2,0,0,no,normal
1726,Person_1726,8,2350,194,18,2,13,yes,chinaaarr
1727,Person_1727,7,389,161,7,3,5,yes,randi
1728,Person_1728,12,1709,189,17,3,11,yes,chinaaarr
1729,Person_1729,0,91,37,2,1,0,no,normal
1730,Person_1730,14,1500,190,15,3,7,yes,chinaaarr
1731,Person_1731,7,372,155,6,5,3,yes,randi
1732,Person_1732,13,2588,188,16,3,8,yes,chinaaarr
1733,Person_1733,0,92,49,1,1,0,no,normal
1734,Person_1734,10,2820,186,17,2,7,yes,chinaaarr
1735,Person_1735,6,339,175,9,3,3,yes,randi
1736,Person_1736,14,2653,197,15,2,9,yes,chinaaarr
1737,Person_1737,0,89,30,2,1,0,no,normal
1738,Person_1738,10,2999,181,15,3,7,yes,chinaaarr
1739,Person_1739,5,338,162,8,4,3,yes,randi
1740,Person_1740,11,2727,190,15,2,10,yes,chinaaarr
1741,Person_1741,0,75,47,1,0,0,no,normal
1742,Person_1742,8,2621,187,19,2,7,yes,chinaaarr
1743,Person_1743,5,413,152,6,5,3,yes,randi
1744,Person_1744,10,2077,186,14,3,12,yes,chinaaarr
1745,Person_1745,1,80,31,1,0,0,no,normal
1746,Person_1746,10,2789,199,18,3,10,yes,chinaaarr
1747,Person_1747,7,332,159,8,3,4,yes,randi
1748,Person_1748,12,1639,192,14,2,10,yes,chinaaarr
1749,Person_1749,1,83,45,2,1,0,no,normal
1750,Person_1750,13,1922,188,16,3,10,yes,chinaaarr
1751,Person_1751,5,308,159,9,3,6,yes,randi
1752,Person_1752,11,2815,190,17,3,12,yes,chinaaarr
1753,Person_1753,0,86,39,1,1,0,no,normal
1754,Person_1754,15,2143,182,19,3,7,yes,chinaaarr
1755,Person_1755,6,387,152,7,5,3,yes,randi
1756,Person_1756,12,1712,190,17,2,10,yes,chinaaarr
1757,Person_1757,1,75,34,3,0,0,no,normal
1758,Person_1758,9,2299,195,19,2,12,yes,chinaaarr
1759,Person_1759,7,394,150,9,3,3,yes,randi
1760,Person_1760,12,1796,197,17,3,10,yes,chinaaarr
1761,Person_1761,0,95,42,3,1,0,no,normal
1762,Person_1762,11,1953,184,18,2,12,yes,chinaaarr
1763,Person_1763,5,386,163,8,4,3,yes,randi
1764,Person_1764,11,1796,198,17,2,7,yes,chinaaarr
1765,Person_1765,0,89,36,1,0,0,no,normal
1766,Person_1766,15,2038,184,17,3,10,yes,chinaaarr
1767,Person_1767,6,312,154,9,3,6,yes,randi
1768,Person_1768,13,2817,193,16,2,12,yes,chinaaarr
1769,Person_1769,0,81,37,3,0,0,no,normal
1770,Person_1770,11,1723,193,13,2,12,yes,chinaaarr
1771,Person_1771,6,367,170,8,5,3,yes,randi
1772,Person_1772,13,1455,185,14,2,9,yes,chinaaarr
1773,Person_1773,0,87,42,3,0,0,no,normal
1774,Person_1774,13,1853,195,15,3,13,yes,chinaaarr
1775,Person_1775,6,408,175,7,3,5,yes,randi
1776,Person_1776,8,2787,189,18,3,11,yes,chinaaarr
1777,Person_1777,0,95,47,3,0,0,no,normal
1778,Person_1778,8,1366,184,17,3,11,yes,chinaaarr
1779,Person_1779,5,368,156,6,3,4,yes,randi
1780,Person_1780,9,1551,196,14,3,7,yes,chinaaarr
1781,Person_1781,0,75,33,2,1,0,no,normal
1782,Person_1782,12,2656,184,15,3,10,yes,chinaaarr
1783,Person_1783,7,313,156,7,5,6,yes,randi
1784,Person_1784,12,2529,194,15,3,7,yes,chinaaarr
1785,Person_1785,0,91,46,1,0,0,no,normal
1786,Person_1786,11,1743,191,18,3,10,yes,chinaaarr
1787,Person_1787,6,399,159,6,4,5,yes,randi
1788,Person_1788,8,1445,196,14,3,12,yes,chinaaarr
1789,Person_1789,0,79,40,3,0,0,no,normal
1790,Person_1790,15,2394,191,19,3,9,yes,chinaaarr
1791,Person_1791,5,300,163,7,4,6,yes,randi
1792,Person_1792,14,2684,185,15,2,7,yes,chinaaarr
1793,Person_1793,1,75,44,2,0,0,no,normal
1794,Person_1794,9,2400,192,14,2,10,yes,chinaaarr
1795,Person_1795,5,300,157,6,3,4,yes,randi
1796,Person_1796,12,2767,193,15,3,7,yes,chinaaarr
1797,Person_1797,0,88,39,2,1,0,no,normal
1798,Person_1798,10,2035,182,13,3,11,yes,chinaaarr
1799,Person_1799,5,346,153,8,3,4,yes,randi
1800,Person_1800,12,1534,196,15,3,11,yes,chinaaarr
1801,Person_1801,0,85,35,2,1,0,no,normal
1802,Person_1802,13,2271,185,16,2,10,yes,chinaaarr
1803,Person_1803,7,420,153,9,5,3,yes,randi
1804,Person_1804,12,2025,196,18,3,12,yes,chinaaarr
1805,Person_1805,1,80,34,2,1,0,no,normal
1806,Person_1806,9,2136,185,18,2,11,yes,chinaaarr
1807,Person_1807,6,391,175,6,3,5,yes,randi
1808,Person_1808,12,2022,190,15,2,10,yes,chinaaarr
1809,Person_1809,1,77,41,1,0,0,no,normal
1810,Person_1810,12,1560,199,18,3,8,yes,chinaaarr
1811,Person_1811,5,364,161,8,3,6,yes,randi
1812,Person_1812,11,2233,186,14,2,11,yes,chinaaarr
1813,Person_1813,0,80,45,1,0,0,no,normal
1814,Person_1814,12,1481,185,18,2,11,yes,chinaaarr
1815,Person_1815,6,402,161,6,5,3,yes,randi
1816,Person_1816,13,2237,190,14,2,12,yes,chinaaarr
1817,Person_1817,0,90,44,3,1,0,no,normal
1818,Person_1818,9,2430,194,15,2,11,yes,chinaaarr
1819,Person_1819,5,319,156,9,4,3,yes,randi
1820,Person_1820,13,1707,198,15,2,9,yes,chinaaarr
1821,Person_1821,0,89,32,2,0,0,no,normal
1822,Person_1822,10,2622,191,16,3,13,yes,chinaaarr
1823,Person_1823,6,340,169,6,5,5,yes,randi
1824,Person_1824,12,2575,196,14,2,7,yes,chinaaarr
1825,Person_1825,1,75,40,1,0,0,no,normal
1826,Person_1826,15,2666,180,14,2,12,yes,chinaaarr
1827,Person_1827,7,402,168,7,3,4,yes,randi
1828,Person_1828,10,2183,190,14,2,12,yes,chinaaarr
1829,Person_1829,0,79,50,3,1,0,no,normal
1830,Person_1830,11,2248,199,19,2,12,yes,chinaaarr
1831,Person_1831,7,322,151,8,4,4,yes,randi
1832,Person_1832,13,2118,193,17,3,10,yes,chinaaarr
1833,Person_1833,0,93,36,1,1,0,no,normal
1834,Person_1834,12,1454,180,15,3,9,yes,chinaaarr
1835,Person_1835,7,393,166,9,3,3,yes,randi
1836,Person_1836,10,1505,186,15,3,11,yes,chinaaarr
1837,Person_1837,0,90,50,2,1,0,no,normal
1838,Person_1838,14,2205,192,13,3,7,yes,chinaaarr
1839,Person_1839,6,326,156,7,3,3,yes,randi
1840,Person_1840,13,2007,192,16,3,8,yes,chinaaarr
1841,Person_1841,0,83,38,1,1,0,no,normal
1842,Person_1842,15,2842,195,17,2,8,yes,chinaaarr
1843,Person_1843,7,407,154,6,3,4,yes,randi
1844,Person_1844,9,1643,196,15,2,11,yes,chinaaarr
1845,Person_1845,0,83,31,2,0,0,no,normal
1846,Person_1846,9,1335,184,15,2,10,yes,chinaaarr
1847,Person_1847,6,315,157,6,4,3,yes,randi
1848,Person_1848,8,2511,193,18,2,10,yes,chinaaarr
1849,Person_1849,0,80,39,3,1,0,no,normal
1850,Person_1850,11,2304,181,17,3,8,yes,chinaaarr
1851,Person_1851,6,353,167,7,3,3,yes,randi
1852,Person_1852,13,1624,194,15,2,10,yes,chinaaarr
1853,Person_1853,0,84,40,1,0,0,no,normal
1854,Person_1854,9,1589,191,17,3,7,yes,chinaaarr
1855,Person_1855,7,375,161,7,4,6,yes,randi
1856,Person_1856,12,2790,197,18,2,8,yes,chinaaarr
1857,Person_1857,0,84,34,3,0,0,no,normal
1858,Person_1858,9,2182,191,19,3,11,yes,chinaaarr
1859,Person_1859,5,385,174,9,4,5,yes,randi
1860,Person_1860,10,1529,189,18,2,7,yes,chinaaarr
1861,Person_1861,0,92,32,1,1,0,no,normal
1862,Person_1862,15,1457,187,14,3,13,yes,chinaaarr
1863,Person_1863,5,393,150,8,4,3,yes,randi
1864,Person_1864,12,1689,187,14,2,8,yes,chinaaarr
1865,Person_1865,1,90,32,3,0,0,no,normal
1866,Person_1866,14,2210,197,19,3,8,yes,chinaaarr
1867,Person_1867,7,347,157,9,5,3,yes,randi
1868,Person_1868,10,1456,193,15,2,9,yes,chinaaarr
1869,Person_1869,0,76,39,1,1,0,no,normal
1870,Person_1870,8,2963,194,13,2,12,yes,chinaaarr
1871,Person_1871,6,324,152,8,5,4,yes,randi
1872,Person_1872,12,2527,197,14,3,7,yes,chinaaarr
1873,Person_1873,0,82,37,2,1,0,no,normal
1874,Person_1874,12,2135,187,17,2,7,yes,chinaaarr
1875,Person_1875,7,389,169,7,5,5,yes,randi
1876,Person_1876,9,2247,196,16,3,7,yes,chinaaarr
1877,Person_1877,0,93,45,3,0,0,no,normal
1878,Person_1878,11,1453,190,15,2,11,yes,chinaaarr
1879,Person_1879,6,306,175,8,4,6,yes,randi
1880,Person_1880,9,1697,186,14,2,7,yes,chinaaarr
1881,Person_1881,0,82,45,3,0,0,no,normal
1882,Person_1882,9,2766,191,13,3,11,yes,chinaaarr
1883,Person_1883,6,348,152,8,4,6,yes,randi
1884,Person_1884,13,2146,196,17,3,11,yes,chinaaarr
1885,Person_1885,1,78,49,2,0,0,no,normal
1886,Person_1886,13,1923,197,18,3,10,yes,chinaaarr
1887,Person_1887,6,344,169,8,5,6,yes,randi
1888,Person_1888,9,2078,187,17,3,8,yes,chinaaarr
1889,Person_1889,0,93,36,3,1,0,no,normal
1890,Person_1890,12,1573,183,14,3,13,yes,chinaaarr
1891,Person_1891,6,334,173,9,5,5,yes,randi
1892,Person_1892,8,2296,194,15,3,12,yes,chinaaarr
1893,Person_1893,0,87,42,3,1,0,no,normal
1894,Person_1894,8,1447,183,17,3,13,yes,chinaaarr
1895,Person_1895,7,419,153,8,4,4,yes,randi
1896,Person_1896,12,2594,197,15,2,8,yes,chinaaarr
1897,Person_1897,0,77,49,2,0,0,no,normal
1898,Person_1898,11,2284,183,19,2,10,yes,chinaaarr
1899,Person_1899,6,401,166,7,4,6,yes,randi
1900,Person_1900,11,1498,188,18,3,11,yes,chinaaarr
1901,Person_1901,0,89,50,1,0,0,no,normal
1902,Person_1902,8,2078,180,15,2,9,yes,chinaaarr
1903,Person_1903,5,368,156,8,5,4,yes,randi
1904,Person_1904,11,2397,189,18,3,7,yes,chinaaarr
1905,Person_1905,0,93,38,2,0,0,no,normal
1906,Person_1906,8,2963,200,15,3,12,yes,chinaaarr
1907,Person_1907,6,334,151,6,3,6,yes,randi
1908,Person_1908,11,2760,187,18,3,11,yes,chinaaarr
1909,Person_1909,0,81,41,1,0,0,no,normal
1910,Person_1910,12,2501,200,18,3,11,yes,chinaaarr
1911,Person_1911,5,395,151,6,3,5,yes,randi
1912,Person_1912,12,1720,186,15,2,9,yes,chinaaarr
1913,Person_1913,0,78,33,3,0,0,no,normal
1914,Person_1914,14,2960,198,16,3,13,yes,chinaaarr
1915,Person_1915,5,410,172,9,4,4,yes,randi
1916,Person_1916,8,2752,187,15,2,7,yes,chinaaarr
1917,Person_1917,0,75,38,2,1,0,no,normal
1918,Person_1918,12,2704,187,17,2,9,yes,chinaaarr
1919,Person_1919,7,386,166,6,4,3,yes,randi
1920,Person_1920,13,1955,186,16,3,12,yes,chinaaarr
1921,Person_1921,0,89,44,1,0,0,no,normal
1922,Person_1922,10,2698,186,19,2,13,yes,chinaaarr
1923,Person_1923,6,363,156,6,5,6,yes,randi
1924,Person_1924,8,1500,185,18,2,7,yes,chinaaarr
1925,Person_1925,0,76,34,2,0,0,no,normal
1926,Person_1926,10,1436,182,16,3,9,yes,chinaaarr
1927,Person_1927,5,321,167,6,5,3,yes,randi
1928,Person_1928,11,2326,196,16,3,11,yes,chinaaarr
1929,Person_1929,0,89,40,2,1,0,no,normal
1930,Person_1930,14,2357,188,14,2,10,yes,chinaaarr
1931,Person_1931,6,384,152,7,3,5,yes,randi
1932,Person_1932,8,2886,185,16,2,9,yes,chinaaarr
1933,Person_1933,1,86,42,3,0,0,no,normal
1934,Person_1934,8,1381,193,13,3,11,yes,chinaaarr
1935,Person_1935,7,315,175,8,3,3,yes,randi
1936,Person_1936,8,1450,197,16,3,11,yes,chinaaarr
1937,Person_1937,0,83,44,1,1,0,no,normal
1938,Person_1938,11,1620,191,17,3,12,yes,chinaaarr
1939,Person_1939,6,368,171,8,5,6,yes,randi
1940,Person_1940,10,2687,196,15,2,10,yes,chinaaarr
1941,Person_1941,0,76,38,2,1,0,no,normal
1942,Person_1942,10,1353,191,13,2,7,yes,chinaaarr
1943,Person_1943,7,364,156,8,3,3,yes,randi
1944,Person_1944,8,2138,193,17,3,10,yes,chinaaarr
1945,Person_1945,0,87,32,3,0,0,no,normal
1946,Person_1946,10,2505,187,18,3,7,yes,chinaaarr
1947,Person_1947,5,358,152,9,5,3,yes,randi
1948,Person_1948,10,1915,194,16,2,8,yes,chinaaarr
1949,Person_1949,0,86,41,2,1,0,no,normal
1950,Person_1950,8,1463,191,14,2,10,yes,chinaaarr
1951,Person_1951,5,375,169,9,5,4,yes,randi
1952,Person_1952,10,2859,187,14,3,8,yes,chinaaarr
1953,Person_1953,0,85,42,2,0,0,no,normal
1954,Person_1954,11,2101,195,17,3,8,yes,chinaaarr
1955,Person_1955,7,319,171,6,5,3,yes,randi
1956,Person_1956,12,2446,189,16,2,7,yes,chinaaarr
1957,Person_1957,0,86,49,3,0,0,no,normal
1958,Person_1958,14,1611,184,13,2,12,yes,chinaaarr
1959,Person_1959,6,368,174,9,3,5,yes,randi
1960,Person_1960,8,1693,185,17,3,7,yes,chinaaarr
1961,Person_1961,0,75,47,3,0,0,no,normal
1962,Person_1962,15,1701,181,16,2,11,yes,chinaaarr
1963,Person_1963,5,405,162,7,5,3,yes,randi
1964,Person_1964,13,2544,193,18,2,10,yes,chinaaarr
1965,Person_1965,0,93,45,1,0,0,no,normal
1966,Person_1966,9,2476,194,18,2,12,yes,chinaaarr
1967,Person_1967,6,352,158,7,4,6,yes,randi
1968,Person_1968,13,1977,192,15,3,8,yes,chinaaarr
1969,Person_1969,0,88,46,3,0,0,no,normal
1970,Person_1970,10,2872,200,14,3,12,yes,chinaaarr
1971,Person_1971,6,325,160,8,5,4,yes,randi
1972,Person_1972,10,2273,193,17,3,7,yes,chinaaarr
1973,Person_1973,0,75,37,1,1,0,no,normal
1974,Person_1974,14,2228,200,16,2,13,yes,chinaaarr
1975,Person_1975,7,395,157,8,4,4,yes,randi
1976,Person_1976,9,2367,194,18,3,10,yes,chinaaarr
1977,Person_1977,0,81,32,1,0,0,no,normal
1978,Person_1978,8,1983,187,15,2,12,yes,chinaaarr
1979,Person_1979,5,383,152,6,4,4,yes,randi
1980,Person_1980,12,2111,198,17,2,7,yes,chinaaarr
1981,Person_1981,0,79,40,3,1,0,no,normal
1982,Person_1982,15,2812,191,18,3,8,yes,chinaaarr
1983,Person_1983,5,398,172,6,4,5,yes,randi
1984,Person_1984,9,2153,186,16,2,8,yes,chinaaarr
1985,Person_1985,0,77,49,1,1,0,no,normal
1986,Person_1986,10,2849,199,19,3,13,yes,chinaaarr
1987,Person_1987,6,391,164,6,5,5,yes,randi
1988,Person_1988,8,2491,198,14,2,11,yes,chinaaarr
1989,Person_1989,1,92,31,1,1,0,no,normal
1990,Person_1990,11,2891,191,13,3,10,yes,chinaaarr
1991,Person_1991,6,368,165,6,4,3,yes,randi
1992,Person_1992,12,1805,197,17,2,8,yes,chinaaarr
1993,Person_1993,0,75,39,1,1,0,no,normal
1994,Person_1994,11,2926,184,19,3,11,yes,chinaaarr
1995,Person_1995,6,416,150,7,5,4,yes,randi
1996,Person_1996,8,2420,186,15,2,10,yes,chinaaarr
1997,Person_1997,0,88,50,2,1,0,no,normal
1998,Person_1998,12,2872,191,13,3,9,yes,chinaaarr
1999,Person_1999,5,311,172,8,3,5,yes,randi
2000,Person_2000,13,1466,193,17,2,11,yes,chinaaarr
